folioviv,foliohog,id_domest,sexo_dom,ocupacion,vivie_aqui,h_trab,cvegeo,cve_ent,cve_mun,est_dis,upm,factor_hog
010046201,1,1,2,8,2,3,01001,01,001,0003,00005,398
010048003,1,1,2,8,2,5,01001,01,001,0003,00007,555
010050905,1,1,2,8,2,5,01001,01,001,0003,00008,578
010057104,1,1,2,8,2,5,01001,01,001,0002,00011,431
010096801,1,1,2,8,2,5,01001,01,001,0003,00017,454
010096803,1,1,2,8,2,5,01001,01,001,0003,00017,454
010096804,1,1,2,8,2,5,01001,01,001,0003,00017,454
010097604,1,1,2,8,2,4,01001,01,001,0003,00018,461
010100801,1,1,2,8,2,4,01001,01,001,0003,00019,411
010102001,1,1,2,8,2,4,01001,01,001,0003,00020,548
010102004,1,1,2,8,2,3,01001,01,001,0003,00020,548
010111501,1,1,2,8,2,5,01001,01,001,0003,00022,611
010133602,1,1,2,8,2,5,01001,01,001,0002,00033,553
010133602,1,2,1,6,2,1,01001,01,001,0002,00033,553
010133603,1,1,2,8,2,10,01001,01,001,0002,00033,553
010158904,1,1,2,8,2,5,01001,01,001,0003,00026,618
010166204,1,1,2,8,2,10,01001,01,001,0003,00027,510
010171504,1,1,2,8,2,4,01001,01,001,0002,00038,415
010175204,1,1,2,8,2,40,01001,01,001,0002,00040,1070
010175601,1,1,2,8,2,4,01001,01,001,0003,00030,409
010177204,1,1,1,6,2,0,01001,01,001,0003,00031,441
010177204,1,2,2,8,2,3,01001,01,001,0003,00031,441
010206804,1,1,2,8,2,9,01001,01,001,0001,00040,822
010210601,1,1,2,8,2,3,01001,01,001,0003,00035,354
010210603,1,1,2,8,2,4,01001,01,001,0003,00035,354
010210805,1,1,2,8,2,6,01001,01,001,0003,00036,576
010222504,1,1,2,1,1,90,01001,01,001,0003,00039,939
010243311,1,1,2,8,2,6,01003,01,003,0008,00001,392
010276101,1,1,2,8,2,5,01005,01,005,0005,00002,583
010276102,1,1,2,8,2,2,01005,01,005,0005,00002,583
010284606,1,1,2,8,2,2,01006,01,006,0008,00002,424
020060204,1,1,2,8,2,0,02001,02,001,0020,00005,1573
020115103,1,1,2,7,2,25,02001,02,001,0020,00009,1220
020256404,1,1,2,8,2,28,02002,02,002,0017,00008,1331
020306304,1,1,2,8,2,2,02002,02,002,0018,00010,2146
020446202,1,1,2,8,2,16,02004,02,004,0015,00003,1650
020475317,1,1,2,8,2,1,02004,02,004,0025,00001,2264
020505203,1,1,1,6,2,1,02004,02,004,0014,00009,1120
020626204,1,1,2,8,2,98,02004,02,004,0015,00010,430
020653502,1,1,2,8,2,4,02004,02,004,0015,00013,1291
030006206,1,1,2,8,2,4,03001,03,001,0036,00002,222
030025309,1,1,2,8,2,8,03002,03,002,0037,00001,86
030040205,1,1,2,8,2,4,03003,03,003,0030,00003,395
030052103,1,1,2,8,2,25,03003,03,003,0030,00005,302
030052105,1,1,2,8,2,8,03003,03,003,0030,00005,302
030052105,1,2,1,2,2,15,03003,03,003,0030,00005,302
030052105,1,3,2,8,2,24,03003,03,003,0030,00005,302
030052801,1,1,2,8,2,6,03003,03,003,0030,00007,362
030055904,1,1,2,8,2,9,03003,03,003,0029,00008,283
030057904,1,1,2,8,2,7,03003,03,003,0030,00009,403
030072102,1,1,2,8,2,5,03003,03,003,0030,00014,249
030078601,1,1,2,7,1,48,03003,03,003,0029,00014,538
030078605,1,1,2,8,2,5,03003,03,003,0029,00014,538
030085202,1,1,2,8,2,12,03003,03,003,0030,00020,274
030091402,1,1,2,8,2,4,03003,03,003,0029,00021,284
030092402,1,1,2,8,2,2,03003,03,003,0029,00022,286
030092802,1,1,2,8,2,6,03003,03,003,0029,00023,282
030093601,1,1,2,8,2,35,03003,03,003,0027,00002,259
030096801,1,1,2,8,2,12,03003,03,003,0030,00022,391
030096801,1,2,1,6,2,3,03003,03,003,0030,00022,391
030096804,1,1,2,8,2,20,03003,03,003,0030,00022,391
030119804,1,1,2,8,2,6,03008,03,008,0034,00001,650
030121003,1,1,2,8,2,8,03008,03,008,0032,00002,273
030125301,1,1,1,6,2,1,03008,03,008,0034,00003,266
030126401,1,1,1,6,2,2,03008,03,008,0034,00005,340
030126401,1,2,2,8,2,4,03008,03,008,0034,00005,340
030126401,1,3,2,8,2,4,03008,03,008,0034,00005,340
030133904,1,1,2,8,2,3,03008,03,008,0033,00005,428
030135104,1,1,1,8,2,2,03008,03,008,0032,00010,294
030135104,1,2,2,8,2,2,03008,03,008,0032,00010,294
030137403,1,1,2,8,2,8,03008,03,008,0033,00006,335
030147605,1,1,2,8,2,4,03008,03,008,0033,00010,365
030157402,1,1,2,8,2,8,03008,03,008,0034,00006,298
030164002,1,1,2,8,2,12,03008,03,008,0034,00007,346
030164003,1,1,2,8,2,40,03008,03,008,0034,00007,346
030164305,1,1,2,8,2,6,03008,03,008,0034,00008,375
030174202,1,1,2,8,2,10,03008,03,008,0032,00023,310
030175302,1,1,2,8,2,2,03008,03,008,0031,00025,189
030176702,1,1,1,8,2,5,03008,03,008,0034,00011,245
030178001,1,1,2,8,2,4,03008,03,008,0034,00012,436
030178002,1,1,2,8,2,3,03008,03,008,0034,00012,436
030178603,1,1,2,8,2,4,03008,03,008,0034,00013,336
030183205,1,1,2,8,2,2,03008,03,008,0032,00026,380
030183205,1,2,1,6,2,2,03008,03,008,0032,00026,380
030190504,1,1,1,6,2,1,03008,03,008,0034,00015,329
040005218,1,1,2,7,2,20,04001,04,001,0050,00001,309
040034102,1,1,2,8,2,4,04002,04,002,0044,00003,265
040035901,1,1,2,8,2,6,04002,04,002,0044,00004,281
040044703,1,1,2,8,2,24,04002,04,002,0043,00007,252
040071202,1,1,1,6,2,6,04002,04,002,0044,00007,243
040071202,1,2,2,8,2,12,04002,04,002,0044,00007,243
040071203,1,1,2,3,2,20,04002,04,002,0044,00007,243
040071203,1,2,2,8,2,20,04002,04,002,0044,00007,243
040073503,1,1,2,8,2,8,04002,04,002,0043,00020,495
040076902,1,1,2,8,2,5,04002,04,002,0042,00021,303
040079801,1,1,1,6,2,1,04002,04,002,0044,00008,251
040079803,1,1,1,8,2,7,04002,04,002,0044,00008,251
040079805,1,1,2,8,2,3,04002,04,002,0044,00008,251
040081901,1,1,2,8,2,25,04002,04,002,0042,00022,276
040090704,1,1,2,4,2,2,04003,04,003,0047,00001,281
040096401,1,1,2,8,2,4,04003,04,003,0049,00003,266
040097204,1,1,2,8,1,72,04003,04,003,0049,00004,370
040097301,1,1,2,3,2,20,04003,04,003,0049,00005,327
040097304,1,1,2,4,2,6,04003,04,003,0049,00005,327
040103603,1,1,2,8,2,8,04003,04,003,0048,00005,277
040111001,1,1,2,6,2,2,04003,04,003,0049,00006,237
040111001,1,2,2,8,2,20,04003,04,003,0049,00006,237
040111002,1,1,2,8,2,8,04003,04,003,0049,00006,237
040111003,1,1,2,8,2,4,04003,04,003,0049,00006,237
040111003,1,2,1,6,2,4,04003,04,003,0049,00006,237
040118902,1,1,2,4,2,6,04003,04,003,0049,00008,372
040118902,1,2,2,8,1,8,04003,04,003,0049,00008,372
040118905,1,1,2,8,2,10,04003,04,003,0049,00008,372
040118905,1,2,1,6,2,6,04003,04,003,0049,00008,372
040125704,1,1,2,7,2,36,04003,04,003,0048,00010,275
040193218,1,1,2,8,2,10,04009,04,009,0050,00005,314
050023105,1,1,2,4,2,4,05002,05,002,0072,00001,1223
050262503,1,1,2,8,2,4,05025,05,025,0069,00002,1186
050263703,1,1,2,8,2,25,05025,05,025,0070,00002,1010
050408802,1,1,2,8,2,35,05030,05,030,0058,00008,1177
050416701,1,1,2,8,2,4,05030,05,030,0056,00013,968
050426904,1,1,2,8,2,6,05030,05,030,0058,00010,1011
050580102,1,1,2,8,2,24,05035,05,035,0061,00001,1126
050628403,1,1,2,8,2,10,05035,05,035,0060,00008,967
050645402,1,1,1,6,2,3,05035,05,035,0061,00007,1065
050647104,1,1,2,8,2,18,05035,05,035,0061,00008,1135
050659601,1,1,2,8,2,8,05035,05,035,0061,00010,1184
050659601,1,2,1,6,2,2,05035,05,035,0061,00010,1184
050697803,1,1,2,8,2,8,05035,05,035,0061,00012,1074
050723703,1,1,2,7,2,35,05035,05,035,0061,00013,2327
050723705,1,1,2,8,2,3,05035,05,035,0061,00013,2327
050725905,1,1,2,8,2,8,05035,05,035,0060,00017,1148
050728004,1,1,2,8,2,3,05035,05,035,0059,00018,819
060004710,1,1,2,8,2,12,06001,06,001,0083,00002,228
060011701,1,1,2,7,2,12,06002,06,002,0077,00001,253
060014804,1,1,2,8,2,3,06002,06,002,0078,00004,275
060015002,1,1,2,8,2,4,06002,06,002,0078,00005,264
060015603,1,1,2,7,2,30,06002,06,002,0078,00007,252
060015604,1,1,2,8,2,8,06002,06,002,0078,00007,252
060017301,1,1,2,8,2,3,06002,06,002,0078,00009,496
060018105,1,1,2,8,2,5,06002,06,002,0079,00001,465
060018404,1,1,2,8,2,5,06002,06,002,0079,00002,259
060019005,1,1,2,8,2,6,06002,06,002,0079,00003,287
060019902,1,1,2,8,2,24,06002,06,002,0079,00004,458
060027303,1,1,2,8,2,4,06002,06,002,0078,00011,249
060029705,1,1,2,8,2,9,06002,06,002,0078,00014,291
060046301,1,1,2,8,2,24,06002,06,002,0079,00006,452
060058120,1,1,2,7,1,40,06004,06,004,0084,00002,267
060096403,1,1,2,8,2,11,06007,06,007,0081,00007,316
060097005,1,1,2,8,2,6,06007,06,007,0081,00008,207
060103604,1,1,2,7,2,25,06007,06,007,0082,00001,205
060126703,1,1,2,8,2,6,06009,06,009,0083,00003,309
060129301,1,1,2,8,2,12,06009,06,009,0083,00004,279
060129309,1,1,2,8,2,4,06009,06,009,0083,00004,279
060139707,1,1,2,7,2,6,06009,06,009,0083,00006,273
060139718,1,1,2,4,2,12,06009,06,009,0083,00006,273
060141601,1,1,2,8,2,15,06009,06,009,0083,00007,237
060141605,1,1,2,8,2,25,06009,06,009,0083,00007,237
060158401,1,1,2,8,2,3,06010,06,010,0078,00025,254
060161604,1,1,1,6,2,0,06010,06,010,0079,00010,238
060163402,1,1,2,8,2,6,06010,06,010,0079,00012,317
060170404,1,1,1,6,2,2,06010,06,010,0079,00014,261
060172605,1,1,2,8,2,3,06010,06,010,0078,00031,308
060186405,1,1,1,6,2,0,06010,06,010,0078,00039,266
070089604,1,1,2,8,2,5,07015,07,015,0098,00001,1478
070091802,1,1,2,7,2,25,07015,07,015,0098,00002,1455
070091819,1,1,2,4,2,2,07015,07,015,0098,00002,1455
070576214,1,1,2,7,2,3,07074,07,074,0098,00004,1332
070643704,1,1,2,8,2,10,07078,07,078,0095,00002,1250
070735204,1,1,1,8,2,2,07089,07,089,0091,00003,1522
070864101,1,1,2,8,2,4,07101,07,101,0089,00001,3416
070923902,1,1,2,8,2,15,07101,07,101,0088,00003,1624
070935705,1,1,2,4,2,6,07101,07,101,0088,00005,1459
070936704,1,1,2,8,2,12,07101,07,101,0087,00006,1698
070953804,1,1,2,8,2,7,07101,07,101,0089,00002,1763
070974102,1,1,1,6,2,4,07101,07,101,0086,00004,1520
070975503,1,1,2,3,2,42,07101,07,101,0088,00008,2489
070975503,1,2,2,8,2,1,07101,07,101,0088,00008,2489
070975504,1,1,2,8,2,0,07101,07,101,0088,00008,2489
070983001,1,1,1,6,2,3,07101,07,101,0089,00003,3319
070983001,1,2,2,8,2,30,07101,07,101,0089,00003,3319
070983003,1,1,2,8,2,21,07101,07,101,0089,00003,3319
080115304,1,1,2,8,2,98,08019,08,019,0109,00001,2100
080247701,1,1,2,3,1,10,08019,08,019,0109,00015,6911
080247701,1,2,1,6,2,10,08019,08,019,0109,00015,6911
080462005,1,1,2,8,2,12,08032,08,032,0112,00002,1142
080465701,1,1,2,8,2,20,08032,08,032,0112,00003,1270
080862612,1,1,2,8,2,4,08045,08,045,0116,00002,1423
090002902,1,1,2,8,2,7,09002,09,002,0122,00001,2298
090018103,1,1,1,6,2,1,09002,09,002,0122,00002,3404
090018104,1,1,2,8,2,4,09002,09,002,0122,00002,3404
090049405,1,1,2,8,2,4,09002,09,002,0122,00004,3060
090065901,1,1,2,8,2,2,09002,09,002,0122,00005,3635
090065901,1,2,2,3,2,2,09002,09,002,0122,00005,3635
090065902,1,1,2,8,2,30,09002,09,002,0122,00005,3635
090065904,1,1,2,8,2,6,09002,09,002,0122,00005,3635
090072403,1,1,2,8,2,1,09002,09,002,0122,00008,3931
090088605,1,1,2,8,2,3,09002,09,002,0121,00004,4217
090120502,1,1,2,8,2,12,09003,09,003,0122,00010,3021
090120505,1,1,2,8,2,45,09003,09,003,0122,00010,3021
090120505,1,2,1,6,2,6,09003,09,003,0122,00010,3021
090208704,1,1,2,8,2,5,09003,09,003,0122,00013,3853
090209201,1,1,2,8,2,10,09003,09,003,0122,00014,2986
090209305,1,1,2,8,2,1,09003,09,003,0122,00015,3222
090232501,1,1,2,8,2,8,09003,09,003,0122,00016,3013
090232505,1,1,2,8,2,25,09003,09,003,0122,00016,3013
090258005,1,1,2,8,2,6,09004,09,004,0122,00018,3497
090275702,1,1,2,3,1,2,09004,09,004,0122,00019,6328
090280303,1,1,2,8,2,24,09004,09,004,0122,00020,4976
090280304,1,1,2,3,2,10,09004,09,004,0122,00020,4976
090280305,1,1,2,3,2,48,09004,09,004,0122,00020,4976
090280305,1,2,2,7,2,30,09004,09,004,0122,00020,4976
090306102,1,1,2,8,2,5,09005,09,005,0121,00014,4158
090384803,1,1,2,8,2,5,09005,09,005,0120,00006,3286
090514102,1,1,2,8,2,8,09005,09,005,0122,00023,2800
090538703,1,1,2,8,2,3,09005,09,005,0122,00025,3844
090538705,1,1,2,8,2,6,09005,09,005,0122,00025,3844
090609103,1,1,2,8,2,25,09006,09,006,0122,00029,2820
090609104,1,1,2,8,2,15,09006,09,006,0122,00029,2820
090635801,1,1,2,8,2,7,09006,09,006,0121,00028,3754
090688004,1,1,2,8,2,8,09007,09,007,0121,00031,3300
090719703,1,1,2,8,2,6,09007,09,007,0120,00015,3866
090776601,1,1,2,3,2,10,09007,09,007,0122,00030,3527
090776602,1,1,2,8,2,7,09007,09,007,0122,00030,3527
090776605,1,1,2,8,2,7,09007,09,007,0122,00030,3527
090811905,1,1,2,8,2,6,09007,09,007,0121,00032,3212
090899402,1,1,2,8,2,5,09007,09,007,0122,00031,2370
090899405,1,1,2,8,2,5,09007,09,007,0122,00031,2370
090922205,1,1,2,8,2,4,09007,09,007,0121,00036,4395
091075103,1,1,2,7,2,10,09008,09,008,0121,00040,2734
091076905,1,1,2,8,2,3,09008,09,008,0120,00028,4003
091116601,1,1,2,8,2,5,09008,09,008,0122,00033,3703
091116603,1,1,2,8,2,6,09008,09,008,0122,00033,3703
091120201,1,1,2,8,1,45,09008,09,008,0122,00036,5154
091190604,1,1,2,7,2,5,09010,09,010,0122,00037,3606
091190701,1,1,2,8,2,6,09010,09,010,0122,00038,3150
091225804,1,1,2,8,2,8,09010,09,010,0122,00042,2882
091225804,1,2,2,3,2,40,09010,09,010,0122,00042,2882
091230803,1,1,2,8,2,98,09010,09,010,0121,00045,2524
091255302,1,1,2,8,2,5,09010,09,010,0122,00043,3189
091255303,1,1,1,6,2,1,09010,09,010,0122,00043,3189
091491501,1,1,2,8,1,35,09012,09,012,0122,00044,2885
091491501,1,2,1,6,2,0,09012,09,012,0122,00044,2885
091496503,1,1,2,8,2,10,09012,09,012,0121,00057,5362
091553401,1,1,2,8,2,21,09012,09,012,0122,00046,2488
091553404,1,1,2,8,2,36,09012,09,012,0122,00046,2488
091553404,1,2,1,8,2,36,09012,09,012,0122,00046,2488
091666702,1,1,2,8,2,30,09014,09,014,0122,00048,1889
091666704,1,1,2,8,2,4,09014,09,014,0122,00048,1889
091666705,1,1,2,8,2,6,09014,09,014,0122,00048,1889
091670601,1,1,2,8,2,5,09014,09,014,0122,00049,2357
091670602,1,1,2,8,2,8,09014,09,014,0122,00049,2357
091670603,1,1,2,8,2,12,09014,09,014,0122,00049,2357
091670604,1,1,2,8,2,40,09014,09,014,0122,00049,2357
091670605,1,1,2,8,2,10,09014,09,014,0122,00049,2357
091674201,1,1,2,8,2,20,09014,09,014,0122,00050,3902
091674203,1,1,2,8,2,5,09014,09,014,0122,00050,3902
091674204,1,1,2,8,2,10,09014,09,014,0122,00050,3902
091674205,1,1,2,8,2,32,09014,09,014,0122,00050,3902
091676504,1,1,1,8,1,40,09014,09,014,0122,00051,2685
091678101,1,1,2,8,2,10,09014,09,014,0122,00052,7389
091689301,1,1,2,8,2,12,09014,09,014,0122,00053,3110
091696003,1,1,2,8,2,5,09014,09,014,0122,00055,2961
091710601,1,1,2,8,2,10,09014,09,014,0122,00056,5433
091727301,1,1,2,8,2,6,09014,09,014,0122,00058,2685
091752204,1,1,2,8,2,20,09014,09,014,0122,00059,2366
091752205,1,1,2,8,2,10,09014,09,014,0122,00059,2366
091780504,1,1,2,3,2,6,09015,09,015,0122,00061,3024
091780504,1,2,2,8,2,18,09015,09,015,0122,00061,3024
091780505,1,1,2,8,2,5,09015,09,015,0122,00061,3024
091853601,1,1,2,8,2,3,09015,09,015,0122,00063,7969
091853605,1,1,2,8,2,4,09015,09,015,0122,00063,7969
091926204,1,1,2,8,2,7,09016,09,016,0121,00065,4437
091958705,1,1,2,8,2,2,09016,09,016,0122,00067,3732
091970801,1,1,2,8,2,15,09016,09,016,0122,00069,2516
091970803,1,1,2,8,2,16,09016,09,016,0122,00069,2516
091970804,1,1,1,6,2,5,09016,09,016,0122,00069,2516
091970804,1,2,2,8,2,24,09016,09,016,0122,00069,2516
091970805,1,1,1,2,2,48,09016,09,016,0122,00069,2516
091970805,1,2,1,5,2,48,09016,09,016,0122,00069,2516
091970805,1,3,2,4,2,48,09016,09,016,0122,00069,2516
091970805,1,4,2,3,2,48,09016,09,016,0122,00069,2516
091974702,1,1,2,8,2,20,09016,09,016,0122,00070,6766
091986301,1,1,2,4,2,6,09016,09,016,0122,00071,9049
092038401,1,1,2,8,2,5,09017,09,017,0121,00069,3982
092079203,1,1,2,8,2,6,09017,09,017,0122,00074,3059
092109101,1,1,2,8,2,20,09003,09,003,0122,00075,2703
092110702,1,1,2,8,2,24,09003,09,003,0122,00076,3643
092110703,1,1,2,8,2,6,09003,09,003,0122,00076,3643
092120805,1,1,2,8,2,48,09003,09,003,0122,00077,2192
092188504,1,1,2,8,2,24,09010,09,010,0122,00078,4561
092251401,1,1,2,8,2,25,09014,09,014,0122,00081,6072
092251403,1,1,2,8,2,6,09014,09,014,0122,00081,6072
092251404,1,1,2,8,2,10,09014,09,014,0122,00081,6072
100005516,1,1,2,8,2,98,10001,10,001,0135,00001,867
100052902,1,1,2,8,2,1,10005,10,005,0126,00007,559
100066605,1,1,2,4,2,20,10005,10,005,0126,00009,688
100067604,1,1,2,8,2,4,10005,10,005,0127,00005,692
100111701,1,1,2,8,2,98,10005,10,005,0127,00009,526
100123503,1,1,2,8,2,15,10005,10,005,0127,00010,696
100136303,1,1,2,8,2,5,10005,10,005,0127,00011,510
100137202,1,1,2,8,2,3,10005,10,005,0126,00022,563
100143101,1,1,2,8,2,4,10005,10,005,0127,00012,655
100143102,1,1,2,8,2,4,10005,10,005,0127,00012,655
100143103,1,1,2,8,2,3,10005,10,005,0127,00012,655
100145905,1,1,2,6,2,3,10005,10,005,0127,00013,673
100146803,1,1,2,8,2,28,10005,10,005,0127,00014,764
100146804,1,1,2,8,2,16,10005,10,005,0127,00014,764
100158605,1,1,2,1,2,30,10005,10,005,0126,00027,597
100159601,1,1,1,6,2,4,10005,10,005,0127,00016,1154
100159601,1,2,2,8,2,6,10005,10,005,0127,00016,1154
100159602,1,1,2,8,2,12,10005,10,005,0127,00016,1154
100159604,1,1,2,8,2,15,10005,10,005,0127,00016,1154
100160805,1,1,2,8,2,3,10005,10,005,0127,00017,585
100168601,1,1,2,8,2,16,10005,10,005,0126,00029,550
100168603,1,1,2,7,2,30,10005,10,005,0126,00029,550
100191904,1,1,2,8,2,5,10007,10,007,0130,00001,989
100191905,1,1,1,6,2,2,10007,10,007,0130,00001,989
100191905,1,2,2,8,2,25,10007,10,007,0130,00001,989
100194505,1,1,2,8,2,6,10007,10,007,0130,00002,733
100217902,1,1,2,4,2,3,10007,10,007,0130,00004,741
100224002,1,1,2,4,2,10,10007,10,007,0129,00007,616
100258103,1,1,2,8,2,8,10007,10,007,0128,00017,701
100304602,1,1,2,8,1,12,10012,10,012,0133,00002,558
100412101,1,1,2,8,2,14,10039,10,039,0135,00003,996
100412101,1,2,2,8,2,14,10039,10,039,0135,00003,996
110018217,1,1,2,8,2,15,11001,11,001,0155,00001,2116
110018218,1,1,2,8,2,4,11001,11,001,0155,00001,2116
110175703,1,1,2,8,2,4,11007,11,007,0148,00002,1957
110236904,1,1,2,8,2,4,11007,11,007,0146,00005,3357
110300515,1,1,2,7,2,20,11012,11,012,0155,00002,2052
110300520,1,1,2,8,2,3,11012,11,012,0155,00002,2052
110568901,1,1,2,8,2,8,11020,11,020,0141,00001,2260
110568902,1,1,2,8,2,24,11020,11,020,0141,00001,2260
110568902,1,2,1,6,2,0,11020,11,020,0141,00001,2260
110568903,1,1,2,8,2,4,11020,11,020,0141,00001,2260
110568905,1,1,2,8,2,21,11020,11,020,0141,00001,2260
110624903,1,1,1,6,2,0,11020,11,020,0141,00003,1770
110624905,1,1,2,8,2,12,11020,11,020,0141,00003,1770
110625102,1,1,1,6,2,0,11020,11,020,0141,00004,2213
110656105,1,1,1,6,2,0,11020,11,020,0141,00005,1908
110656105,1,2,2,8,2,5,11020,11,020,0141,00005,1908
110661401,1,1,2,8,2,18,11020,11,020,0141,00006,1682
110661402,1,1,2,8,2,15,11020,11,020,0141,00006,1682
110720403,1,1,2,8,2,10,11020,11,020,0141,00008,1853
110749402,1,1,2,8,2,6,11020,11,020,0141,00009,1588
110777701,1,1,2,8,2,10,11020,11,020,0141,00011,1986
110777705,1,1,2,8,2,12,11020,11,020,0141,00011,1986
110777705,1,2,1,6,2,0,11020,11,020,0141,00011,1986
110904303,1,1,2,4,2,12,11020,11,020,0141,00012,1805
111143002,1,1,2,8,2,6,11031,11,031,0140,00015,1717
111143004,1,1,2,8,2,15,11031,11,031,0140,00015,1717
111239014,1,1,2,8,2,4,11037,11,037,0154,00001,1706
111247717,1,1,2,4,2,6,11037,11,037,0154,00002,1884
120027801,1,1,2,8,2,9,12001,12,001,0162,00001,1137
120079503,1,1,2,8,2,40,12001,12,001,0162,00004,777
120079703,1,1,2,4,2,21,12001,12,001,0161,00008,1359
120128105,1,1,2,8,2,15,12001,12,001,0162,00007,1219
120133602,1,1,1,6,2,44,12001,12,001,0161,00016,1269
120167801,1,1,2,8,2,36,12001,12,001,0161,00020,803
120174603,1,1,2,8,2,12,12001,12,001,0163,00002,1144
120223019,1,1,2,3,2,12,12011,12,011,0170,00002,1409
120223019,1,2,2,7,1,98,12011,12,011,0170,00002,1409
120282716,1,1,2,8,2,2,12021,12,021,0171,00001,1352
120282909,1,1,2,7,2,16,12021,12,021,0171,00002,1007
120299207,1,1,1,8,1,18,12023,12,023,0172,00002,1406
120333617,1,1,2,8,2,24,12028,12,028,0170,00003,1373
120351503,1,1,2,7,2,36,12029,12,029,0164,00003,1197
120447004,1,1,2,4,2,7,12035,12,035,0167,00002,1926
120447004,1,2,2,7,2,70,12035,12,035,0167,00002,1926
120452301,1,1,2,8,2,6,12035,12,035,0167,00003,1635
120455304,1,1,2,8,2,6,12035,12,035,0168,00003,1031
120455304,1,2,1,6,2,10,12035,12,035,0168,00003,1031
130247315,1,1,2,8,2,6,13041,13,041,0186,00001,1100
130291905,1,1,2,8,2,8,13048,13,048,0178,00003,790
130293803,1,1,2,8,2,20,13048,13,048,0178,00004,977
130323703,1,1,2,8,2,6,13048,13,048,0177,00007,846
130327501,1,1,2,7,2,4,13048,13,048,0178,00005,641
130327501,1,2,2,8,2,4,13048,13,048,0178,00005,641
130327501,1,3,2,1,2,2,13048,13,048,0178,00005,641
130327505,1,1,2,8,2,8,13048,13,048,0178,00005,641
130329601,1,1,2,7,2,40,13048,13,048,0177,00009,939
130380018,1,1,2,8,2,10,13051,13,051,0186,00002,1671
130419203,1,1,1,6,2,0,13052,13,052,0189,00001,1079
130419211,1,1,2,8,2,6,13052,13,052,0189,00001,1079
130419216,1,1,2,8,2,3,13052,13,052,0189,00001,1079
130625516,1,1,2,3,2,6,13076,13,076,0186,00004,1140
130692408,1,1,2,8,2,5,13082,13,082,0188,00004,970
140238104,1,1,2,8,2,8,14037,14,037,0205,00001,2509
140238104,1,2,2,8,2,6,14037,14,037,0205,00001,2509
140238110,1,1,2,7,2,5,14037,14,037,0205,00001,2509
140238115,1,1,2,8,2,5,14037,14,037,0205,00001,2509
140358202,1,1,1,6,2,1,14039,14,039,0196,00004,2657
140358205,1,1,1,6,2,1,14039,14,039,0196,00004,2657
140358205,1,2,2,8,2,5,14039,14,039,0196,00004,2657
140389803,1,1,2,8,2,8,14039,14,039,0196,00006,4737
140458705,1,1,1,6,2,1,14039,14,039,0196,00008,3539
140488704,1,1,2,8,2,3,14039,14,039,0196,00009,4786
140501802,1,1,1,6,2,1,14039,14,039,0195,00015,3308
140505901,1,1,2,8,2,8,14039,14,039,0196,00010,2671
140505901,1,2,2,3,2,8,14039,14,039,0196,00010,2671
140505901,1,3,1,6,2,1,14039,14,039,0196,00010,2671
140546905,1,1,2,8,2,3,14039,14,039,0196,00011,2713
140552005,1,1,2,8,2,6,14039,14,039,0195,00018,2026
140562705,1,1,2,8,2,5,14039,14,039,0196,00012,7687
140680104,1,1,2,8,2,8,14053,14,053,0203,00002,9099
141266605,1,1,2,8,2,8,14098,14,098,0196,00014,2601
141285403,1,1,2,8,2,4,14098,14,098,0194,00015,3147
141310102,1,1,2,8,2,8,14098,14,098,0195,00022,4116
141330004,1,1,2,8,2,5,14098,14,098,0194,00019,3165
141344204,1,1,2,8,2,6,14098,14,098,0196,00016,4882
141389703,1,1,2,8,2,4,14101,14,101,0196,00017,2266
141505305,1,1,2,8,2,5,14101,14,101,0196,00018,2914
141610105,1,1,2,8,2,10,14120,14,120,0196,00022,3639
141635203,1,1,2,8,2,6,14120,14,120,0196,00024,5198
141639904,1,1,2,8,2,4,14120,14,120,0194,00026,3982
141662501,1,1,2,8,2,6,14120,14,120,0196,00025,5078
141673605,1,1,2,8,2,5,14120,14,120,0196,00026,2958
141702101,1,1,2,8,2,5,14120,14,120,0194,00027,3099
141772001,1,1,2,8,2,8,14120,14,120,0196,00029,2521
141772005,1,1,2,7,2,12,14120,14,120,0196,00029,2521
141791104,1,1,2,8,2,15,14120,14,120,0196,00030,3363
141862008,1,1,2,7,2,40,14120,14,120,0204,00002,3871
141862011,1,1,1,6,2,0,14120,14,120,0204,00002,3871
150195002,1,1,1,6,2,3,15013,15,013,0213,00002,9644
150195002,1,2,2,8,2,40,15013,15,013,0213,00002,9644
150338601,1,1,2,8,2,4,15020,15,020,0212,00005,5469
151196205,1,1,2,8,2,24,15037,15,037,0213,00007,2560
151196205,1,2,1,6,2,30,15037,15,037,0213,00007,2560
151463502,1,1,2,8,2,25,15051,15,051,0221,00002,4322
151548505,1,1,2,8,2,25,15054,15,054,0221,00003,3288
151699403,1,1,2,8,2,8,15057,15,057,0213,00010,5155
151699403,1,2,1,6,2,2,15057,15,057,0213,00010,5155
152172409,1,1,2,8,2,5,15067,15,067,0223,00002,7934
152172413,1,1,2,8,2,12,15067,15,067,0223,00002,7934
152352904,1,1,1,6,2,0,15081,15,081,0213,00015,4454
152373503,1,1,2,8,2,3,15081,15,081,0214,00004,10329
153427701,1,1,2,8,2,4,15121,15,121,0213,00018,3998
153427701,1,2,1,6,2,1,15121,15,121,0213,00018,3998
153427702,1,1,2,8,2,10,15121,15,121,0213,00018,3998
153427703,1,1,2,8,2,5,15121,15,121,0213,00018,3998
153486005,1,1,2,8,2,4,15121,15,121,0213,00019,4188
153546504,1,1,2,8,2,10,15121,15,121,0213,00020,4679
153771703,1,1,2,8,2,8,15060,15,060,0213,00022,5380
153771705,1,1,2,8,2,4,15060,15,060,0213,00022,5380
153823601,1,1,2,8,2,2,15104,15,104,0213,00023,4808
160397103,1,1,2,8,2,4,16053,16,053,0227,00004,2133
160489201,1,1,2,8,2,40,16053,16,053,0228,00011,2427
160491903,1,1,2,8,2,40,16053,16,053,0229,00008,1637
160513703,1,1,2,8,2,30,16053,16,053,0227,00009,1381
160643911,1,1,2,8,2,4,16069,16,069,0237,00002,1390
160643920,1,1,2,8,2,3,16069,16,069,0237,00002,1390
160643920,1,2,2,8,2,9,16069,16,069,0237,00002,1390
160750601,1,1,2,8,2,3,16082,16,082,0238,00006,959
160750603,1,1,2,8,2,20,16082,16,082,0238,00006,959
160750607,1,1,2,8,2,6,16082,16,082,0238,00006,959
160973401,1,1,2,8,2,98,16107,16,107,0237,00003,1217
160973414,1,1,2,8,2,15,16107,16,107,0237,00003,1217
160993402,1,1,2,1,2,15,16108,16,108,0234,00003,1769
161018102,1,1,2,8,1,42,16108,16,108,0232,00004,1512
170016114,1,1,2,8,2,42,17003,17,003,0256,00001,831
170016120,1,1,2,3,2,15,17003,17,003,0256,00001,831
170102705,1,1,1,6,2,2,17007,17,007,0245,00001,463
170108002,1,1,2,8,2,10,17007,17,007,0245,00003,865
170108002,1,2,2,8,2,20,17007,17,007,0245,00003,865
170115204,1,1,2,8,2,4,17007,17,007,0245,00004,818
170115403,1,1,2,8,2,15,17007,17,007,0244,00006,585
170115403,1,2,1,6,2,11,17007,17,007,0244,00006,585
170116003,1,1,2,8,2,8,17007,17,007,0245,00005,624
170121701,1,1,2,8,2,18,17007,17,007,0244,00007,1163
170121701,1,2,1,6,2,12,17007,17,007,0244,00007,1163
170138402,1,1,2,7,2,16,17007,17,007,0244,00009,584
170148501,1,1,2,3,1,40,17007,17,007,0244,00013,578
170149801,1,1,2,8,2,4,17007,17,007,0244,00014,735
170191502,1,1,1,3,2,40,17008,17,008,0246,00002,747
170191502,1,2,1,6,1,8,17008,17,008,0246,00002,747
170191502,1,3,2,4,2,40,17008,17,008,0246,00002,747
170191502,1,4,1,8,2,40,17008,17,008,0246,00002,747
170220601,1,1,2,8,2,7,17011,17,011,0245,00012,642
170220603,1,1,1,6,2,0,17011,17,011,0245,00012,642
170224903,1,1,2,7,2,8,17011,17,011,0245,00013,539
170226703,1,1,2,8,2,16,17011,17,011,0244,00023,591
170237804,1,1,2,8,2,24,17011,17,011,0244,00029,705
170253203,1,1,2,8,2,4,17011,17,011,0244,00030,467
170442804,1,1,2,3,2,12,17031,17,031,0256,00005,621
170462004,1,1,2,8,2,40,17007,17,007,0243,00027,548
180006902,1,1,2,8,2,5,18001,18,001,0267,00001,484
180007801,1,1,2,8,2,36,18001,18,001,0267,00002,373
180007801,1,2,2,7,2,16,18001,18,001,0267,00002,373
180007802,1,1,2,8,2,4,18001,18,001,0267,00002,373
180007806,1,1,2,8,2,6,18001,18,001,0267,00002,373
180007813,1,1,2,8,2,14,18001,18,001,0267,00002,373
180054703,1,1,2,8,2,6,18008,18,008,0265,00001,502
180059505,1,1,2,7,2,4,18008,18,008,0264,00004,546
180138313,1,1,2,8,2,8,18016,18,016,0268,00005,376
180166205,1,1,2,8,2,15,18017,18,017,0263,00001,368
180170205,1,1,2,8,2,8,18017,18,017,0262,00009,357
180181805,1,1,2,8,2,5,18017,18,017,0262,00012,483
180192803,1,1,2,8,2,5,18017,18,017,0262,00019,380
180194804,1,1,2,8,2,1,18017,18,017,0263,00005,454
180194805,1,1,2,8,2,8,18017,18,017,0263,00005,454
180199102,1,1,2,8,2,2,18017,18,017,0262,00021,369
180206603,1,1,2,8,2,12,18017,18,017,0262,00023,310
180210901,1,1,2,8,2,12,18017,18,017,0261,00012,447
180218302,1,1,2,8,2,10,18017,18,017,0262,00027,384
180222204,1,1,1,6,2,2,18017,18,017,0263,00009,535
180222205,1,1,2,8,2,25,18017,18,017,0263,00009,535
180232301,1,1,2,8,2,12,18017,18,017,0263,00012,359
180237202,1,1,2,8,2,4,18017,18,017,0263,00014,517
180237404,1,1,2,8,2,10,18017,18,017,0262,00033,377
180244705,1,1,2,8,2,40,18017,18,017,0262,00036,387
180244705,1,2,2,7,2,40,18017,18,017,0262,00036,387
180253401,1,1,2,8,2,3,18018,18,018,0266,00002,467
180253404,1,1,2,8,2,4,18018,18,018,0266,00002,467
180253404,1,2,1,6,2,3,18018,18,018,0266,00002,467
180253409,1,1,2,8,2,4,18018,18,018,0266,00002,467
180268120,1,1,1,6,2,1,18020,18,020,0266,00004,512
190076005,1,1,2,8,2,18,19006,19,006,0275,00002,1894
190091601,1,1,2,8,2,8,19006,19,006,0275,00004,2229
190091604,1,1,2,8,2,5,19006,19,006,0275,00004,2229
190091605,1,1,2,4,2,5,19006,19,006,0275,00004,2229
190093401,1,1,2,8,2,5,19006,19,006,0275,00005,1959
190093403,1,1,2,8,2,6,19006,19,006,0275,00005,1959
190366304,1,1,2,8,1,30,19019,19,019,0275,00009,9562
190379801,1,1,2,8,2,30,19019,19,019,0275,00011,1847
190379804,1,1,2,8,2,3,19019,19,019,0275,00011,1847
190379805,1,1,2,8,2,40,19019,19,019,0275,00011,1847
190381801,1,1,2,8,2,30,19019,19,019,0275,00012,1977
190388505,1,1,2,8,2,35,19019,19,019,0275,00013,1785
190388801,1,1,2,8,2,3,19019,19,019,0275,00014,1800
190388802,1,1,2,8,2,12,19019,19,019,0275,00014,1800
190388802,1,2,1,8,2,12,19019,19,019,0275,00014,1800
190388803,1,1,2,8,2,25,19019,19,019,0275,00014,1800
190388805,1,1,2,8,2,16,19019,19,019,0275,00014,1800
190491103,1,1,2,8,2,4,19021,19,021,0275,00017,2537
190594703,1,1,2,8,2,4,19026,19,026,0275,00020,2178
190685804,1,1,2,8,2,5,19026,19,026,0275,00026,1865
190701305,1,1,1,6,2,0,19031,19,031,0278,00002,2180
190840709,1,1,2,8,2,32,19038,19,038,0280,00001,2032
190888504,1,1,2,8,2,40,19039,19,039,0275,00027,4860
190939003,1,1,2,8,2,8,19039,19,039,0273,00034,2666
190968303,1,1,2,8,2,8,19039,19,039,0275,00031,2391
191011703,1,1,2,8,2,1,19039,19,039,0274,00037,2473
191034001,1,1,2,8,2,36,19039,19,039,0275,00036,1899
191034004,1,1,2,8,2,27,19039,19,039,0275,00036,1899
191243803,1,1,2,8,2,6,19046,19,046,0275,00043,1899
191263202,1,1,2,8,2,6,19046,19,046,0274,00045,1876
191288504,1,1,2,8,2,16,19046,19,046,0275,00046,2272
191308502,1,1,2,8,2,6,19048,19,048,0275,00047,2417
191310204,1,1,2,8,2,9,19048,19,048,0275,00048,2140
191311103,1,1,2,8,2,4,19048,19,048,0275,00049,1972
191311104,1,1,2,8,2,8,19048,19,048,0275,00049,1972
191311402,1,1,2,8,2,1,19048,19,048,0274,00049,1918
191316703,1,1,2,8,2,12,19048,19,048,0275,00050,2258
200172104,1,1,1,6,2,1,20067,20,067,0286,00001,1070
200357804,1,1,2,7,2,30,20157,20,157,0288,00001,892
200466402,1,1,2,4,2,5,20227,20,227,0289,00002,1498
200702205,1,1,2,4,2,5,20399,20,399,0287,00006,3100
200864910,1,1,2,8,2,4,20515,20,515,0296,00001,1388
200864917,1,1,2,4,2,4,20515,20,515,0296,00001,1388
200936101,1,1,2,8,2,28,20565,20,565,0295,00002,1142
200936108,1,1,2,6,2,5,20565,20,565,0295,00002,1142
200936108,1,2,2,6,2,5,20565,20,565,0295,00002,1142
200936120,1,1,2,8,2,18,20565,20,565,0295,00002,1142
200936120,1,2,2,7,2,12,20565,20,565,0295,00002,1142
200936120,1,3,2,7,2,6,20565,20,565,0295,00002,1142
210021509,1,1,2,8,2,36,21003,21,003,0313,00001,1953
210021511,1,1,2,8,2,25,21003,21,003,0313,00001,1953
210021518,1,1,2,8,2,7,21003,21,003,0313,00001,1953
210190801,1,1,1,6,2,0,21041,21,041,0306,00002,2092
210332502,1,1,2,8,2,6,21071,21,071,0312,00001,2542
210332515,1,1,2,7,2,20,21071,21,071,0312,00001,2542
210452805,1,1,2,8,2,6,21106,21,106,0304,00001,4933
210550101,1,1,1,8,2,6,21114,21,114,0304,00002,2773
210566404,1,1,2,8,2,8,21114,21,114,0304,00003,2380
210615302,1,1,2,8,2,8,21114,21,114,0304,00009,2432
210661902,1,1,2,8,2,5,21114,21,114,0304,00012,2169
210661902,1,2,2,4,2,10,21114,21,114,0304,00012,2169
210702601,1,1,2,8,2,6,21114,21,114,0304,00013,1214
210714804,1,1,2,8,2,4,21114,21,114,0309,00003,3114
210815404,1,1,2,8,2,3,21114,21,114,0304,00017,1700
210970916,1,1,2,8,2,8,21132,21,132,0313,00002,2892
211133505,1,1,2,8,2,4,21156,21,156,0311,00002,2740
211137703,1,1,1,6,2,2,21156,21,156,0310,00004,1979
211181005,1,1,2,8,2,12,21164,21,164,0313,00004,2184
211181005,1,2,2,6,2,2,21164,21,164,0313,00004,2184
211181011,1,1,2,4,2,10,21164,21,164,0313,00004,2184
211404705,1,1,2,8,2,6,21041,21,041,0306,00004,2228
211427303,1,1,2,8,1,9,21114,21,114,0303,00030,2445
211432005,1,1,2,8,2,4,21119,21,119,0307,00005,2127
220061905,1,1,2,8,2,12,22006,22,006,0324,00001,675
220072001,1,1,2,8,2,4,22006,22,006,0322,00002,803
220072004,1,1,2,8,2,9,22006,22,006,0322,00002,803
220074102,1,1,1,6,2,1,22006,22,006,0324,00002,649
220074104,1,1,1,6,2,0,22006,22,006,0324,00002,649
220074105,1,1,2,8,2,4,22006,22,006,0324,00002,649
220086701,1,1,1,6,2,0,22006,22,006,0322,00005,1917
220086703,1,1,2,8,2,6,22006,22,006,0322,00005,1917
220087303,1,1,1,6,2,0,22006,22,006,0322,00006,728
220087304,1,1,1,6,2,0,22006,22,006,0322,00006,728
220087305,1,1,2,8,2,6,22006,22,006,0322,00006,728
220090401,1,1,2,8,2,12,22006,22,006,0322,00007,948
220090402,1,1,2,8,2,10,22006,22,006,0322,00007,948
220090403,1,1,2,8,2,10,22006,22,006,0322,00007,948
220091305,1,1,2,8,2,18,22006,22,006,0322,00008,1071
220092401,1,1,2,8,2,3,22006,22,006,0322,00009,682
220092403,1,1,1,6,2,0,22006,22,006,0322,00009,682
220092403,1,2,2,8,2,10,22006,22,006,0322,00009,682
220092404,1,1,2,8,2,8,22006,22,006,0322,00009,682
220093802,1,1,1,6,2,0,22006,22,006,0322,00010,825
220093802,1,2,2,7,2,8,22006,22,006,0322,00010,825
220093804,1,1,1,6,2,0,22006,22,006,0322,00010,825
220095302,1,1,2,8,2,4,22006,22,006,0322,00011,760
220095303,1,1,2,8,2,8,22006,22,006,0322,00011,760
220097905,1,1,2,8,2,4,22006,22,006,0322,00012,463
220099201,1,1,2,8,2,8,22006,22,006,0322,00013,745
220099204,1,1,2,8,2,5,22006,22,006,0322,00013,745
220099205,1,1,1,6,2,0,22006,22,006,0322,00013,745
220155302,1,1,2,8,2,10,22011,22,011,0326,00001,522
220231002,1,1,2,8,2,6,22014,22,014,0330,00001,799
220232002,1,1,2,8,2,8,22014,22,014,0321,00005,906
220242201,1,1,2,8,2,8,22014,22,014,0322,00018,790
220242203,1,1,2,8,2,6,22014,22,014,0322,00018,790
220242204,1,1,2,8,2,12,22014,22,014,0322,00018,790
220242205,1,1,2,7,2,10,22014,22,014,0322,00018,790
220263805,1,1,1,6,2,0,22014,22,014,0321,00008,760
220267004,1,1,2,8,2,8,22014,22,014,0322,00020,1150
220267005,1,1,2,8,2,4,22014,22,014,0322,00020,1150
220267704,1,1,2,8,2,3,22014,22,014,0322,00021,682
220272702,1,1,1,6,2,1,22014,22,014,0322,00022,727
220272702,1,2,2,8,2,6,22014,22,014,0322,00022,727
220288204,1,1,2,8,2,3,22014,22,014,0321,00011,1029
220302704,1,1,2,8,2,1,22014,22,014,0322,00027,730
220304904,1,1,2,8,2,5,22014,22,014,0322,00028,903
220311003,1,1,2,8,2,8,22014,22,014,0331,00003,1131
220311004,1,1,2,8,2,8,22014,22,014,0331,00003,1131
220311007,1,1,2,8,2,7,22014,22,014,0331,00003,1131
220311007,1,2,1,6,2,2,22014,22,014,0331,00003,1131
220311008,1,1,1,6,2,0,22014,22,014,0331,00003,1131
220311008,1,2,2,8,2,5,22014,22,014,0331,00003,1131
220311009,1,1,1,6,2,1,22014,22,014,0331,00003,1131
220311010,1,1,2,8,2,12,22014,22,014,0331,00003,1131
220311010,1,2,1,6,2,2,22014,22,014,0331,00003,1131
220311013,1,1,1,6,2,1,22014,22,014,0331,00003,1131
220311013,1,2,1,6,2,1,22014,22,014,0331,00003,1131
220311013,1,3,2,8,1,50,22014,22,014,0331,00003,1131
220311016,1,1,2,8,2,4,22014,22,014,0331,00003,1131
220311016,1,2,1,6,2,1,22014,22,014,0331,00003,1131
220311017,1,1,2,8,2,6,22014,22,014,0331,00003,1131
220311017,1,2,1,6,2,1,22014,22,014,0331,00003,1131
220311018,1,1,2,8,2,0,22014,22,014,0331,00003,1131
220311020,1,1,2,8,2,6,22014,22,014,0331,00003,1131
220332101,1,1,2,8,1,40,22014,22,014,0322,00029,1318
220332103,1,1,2,8,2,15,22014,22,014,0322,00029,1318
220332104,1,1,2,8,2,15,22014,22,014,0322,00029,1318
220332402,1,1,2,8,2,25,22014,22,014,0322,00030,1004
220332404,1,1,2,8,2,12,22014,22,014,0322,00030,1004
220332405,1,1,2,8,2,11,22014,22,014,0322,00030,1004
220343902,1,1,2,8,2,8,22014,22,014,0330,00004,1944
220343902,1,2,1,8,2,1,22014,22,014,0330,00004,1944
220343902,1,3,1,6,2,1,22014,22,014,0330,00004,1944
220343905,1,1,2,8,2,15,22014,22,014,0330,00004,1944
220343905,1,2,1,6,2,2,22014,22,014,0330,00004,1944
220343912,1,1,2,8,2,40,22014,22,014,0330,00004,1944
220343912,1,2,1,6,2,5,22014,22,014,0330,00004,1944
220343916,1,1,2,8,2,8,22014,22,014,0330,00004,1944
220343916,1,2,2,8,2,8,22014,22,014,0330,00004,1944
220343919,1,1,1,6,2,0,22014,22,014,0330,00004,1944
220343919,1,2,2,8,2,14,22014,22,014,0330,00004,1944
220350504,1,1,2,8,2,3,22014,22,014,0321,00018,818
220368302,1,1,2,8,2,3,22014,22,014,0321,00023,755
220399602,1,1,2,7,1,40,22014,22,014,0322,00037,782
220446203,1,1,2,8,2,6,22014,22,014,0322,00042,1406
220446203,1,2,2,7,2,10,22014,22,014,0322,00042,1406
220446203,1,3,2,3,2,6,22014,22,014,0322,00042,1406
220446203,1,4,1,6,2,3,22014,22,014,0322,00042,1406
220477501,1,1,2,8,2,5,22016,22,016,0329,00001,1011
220505901,1,1,2,8,2,15,22016,22,016,0328,00005,822
230111904,1,1,2,8,2,4,23005,23,005,0338,00001,598
230159105,1,1,2,8,2,4,23005,23,005,0336,00021,596
230183603,1,1,1,6,2,1,23005,23,005,0336,00027,540
230204702,1,1,2,7,2,48,23005,23,005,0336,00031,493
230222203,1,1,2,8,2,8,23005,23,005,0336,00033,588
230226601,1,1,2,8,2,2,23005,23,005,0338,00002,1078
230228904,1,1,2,8,2,24,23005,23,005,0338,00003,811
230228904,1,2,1,6,2,1,23005,23,005,0338,00003,811
230228905,1,1,2,8,2,6,23005,23,005,0338,00003,811
230231602,1,1,2,8,2,7,23005,23,005,0338,00004,295
230231904,1,1,2,8,2,6,23005,23,005,0338,00005,499
230239902,1,1,1,6,2,1,23005,23,005,0338,00006,686
230253401,1,1,2,8,2,3,23005,23,005,0338,00007,839
230253403,1,1,2,8,2,12,23005,23,005,0338,00007,839
230253403,1,2,1,6,2,0,23005,23,005,0338,00007,839
230254305,1,1,2,8,2,10,23005,23,005,0338,00008,1143
230255203,1,1,1,6,2,8,23005,23,005,0338,00009,790
230310602,1,1,2,4,2,24,23005,23,005,0338,00014,620
230324105,1,1,2,8,2,4,23005,23,005,0337,00013,732
230326103,1,1,2,8,2,5,23005,23,005,0335,00018,952
230326105,1,1,1,8,2,0,23005,23,005,0335,00018,952
230326105,1,2,2,8,2,2,23005,23,005,0335,00018,952
230326201,1,1,2,8,2,8,23005,23,005,0338,00016,720
230326203,1,1,2,8,2,24,23005,23,005,0338,00016,720
240088404,1,1,1,6,2,2,24013,24,013,0354,00002,958
240088404,1,2,2,8,2,3,24013,24,013,0354,00002,958
240091802,1,1,1,6,2,1,24013,24,013,0354,00003,868
240092203,1,1,2,8,2,15,24013,24,013,0353,00005,710
240135307,1,1,2,7,2,28,24020,24,020,0355,00001,880
240135312,1,1,2,8,2,12,24020,24,020,0355,00001,880
240135315,1,1,2,8,2,4,24020,24,020,0355,00001,880
240146314,1,1,2,8,2,4,24020,24,020,0355,00002,857
240197804,1,1,2,8,2,16,24025,24,025,0356,00002,893
240208803,1,1,2,8,2,2,24028,24,028,0351,00001,930
240208803,1,2,1,6,2,0,24028,24,028,0351,00001,930
240217904,1,1,2,4,2,3,24028,24,028,0351,00003,1206
240223601,1,1,2,8,2,5,24028,24,028,0352,00003,848
240233801,1,1,2,3,2,25,24028,24,028,0350,00003,805
240242001,1,1,2,8,1,98,24028,24,028,0351,00006,1103
240242003,1,1,2,8,2,30,24028,24,028,0351,00006,1103
240250004,1,1,2,8,2,20,24028,24,028,0352,00008,863
240259804,1,1,2,8,2,6,24028,24,028,0351,00009,830
240262105,1,1,2,8,2,3,24028,24,028,0350,00004,849
240272602,1,1,2,8,2,5,24028,24,028,0351,00011,729
240300805,1,1,2,8,2,3,24028,24,028,0350,00009,415
240348801,1,1,2,8,2,4,24028,24,028,0351,00019,811
240375604,1,1,2,4,2,1,24028,24,028,0352,00018,1191
240409003,1,1,2,8,2,18,24028,24,028,0352,00025,2019
240468103,1,1,2,8,2,11,24035,24,035,0351,00031,1084
240495303,1,1,1,8,2,4,24035,24,035,0351,00038,463
240513404,1,1,2,8,2,8,24035,24,035,0352,00028,1388
240513405,1,1,2,4,2,3,24035,24,035,0352,00028,1388
240513405,1,2,1,6,2,1,24035,24,035,0352,00028,1388
250043605,1,1,2,8,2,20,25001,25,001,0366,00003,957
250051603,1,1,2,4,2,6,25001,25,001,0367,00006,1084
250080801,1,1,2,8,2,6,25001,25,001,0367,00008,907
250080801,1,2,1,6,2,2,25001,25,001,0367,00008,907
250080805,1,1,2,1,2,35,25001,25,001,0367,00008,907
250100205,1,1,2,3,2,98,25001,25,001,0366,00005,1111
250168202,1,1,2,8,2,12,25006,25,006,0362,00002,1442
250175002,1,1,2,8,2,16,25006,25,006,0362,00004,796
250206202,1,1,2,8,2,6,25006,25,006,0360,00003,1691
250229002,1,1,1,6,2,0,25006,25,006,0362,00009,1204
250282803,1,1,2,8,2,16,25006,25,006,0361,00011,911
250299501,1,1,2,8,2,20,25006,25,006,0362,00013,1174
250306205,1,1,2,8,2,12,25006,25,006,0362,00014,1024
250312302,1,1,2,8,2,10,25006,25,006,0361,00016,1024
250360204,1,1,2,1,2,46,25006,25,006,0362,00019,942
250360204,1,2,2,3,2,40,25006,25,006,0362,00019,942
250360204,1,3,2,8,2,46,25006,25,006,0362,00019,942
250377105,1,1,2,8,2,48,25007,25,007,0371,00003,1050
250377118,1,1,2,7,2,48,25007,25,007,0371,00003,1050
250394311,1,1,2,8,2,7,25009,25,009,0370,00001,902
250530902,1,1,2,8,2,4,25012,25,012,0364,00005,933
250540303,1,1,2,8,2,35,25012,25,012,0365,00004,1510
250581605,1,1,2,3,2,24,25012,25,012,0364,00010,1649
250581605,1,2,2,7,2,20,25012,25,012,0364,00010,1649
250583005,1,1,2,8,2,3,25012,25,012,0363,00011,931
250593705,1,1,2,8,2,4,25012,25,012,0365,00006,903
250595101,1,1,2,8,2,4,25012,25,012,0363,00013,985
250605003,1,1,2,8,2,5,25012,25,012,0365,00007,905
250608715,1,1,2,3,2,15,25012,25,012,0370,00004,906
260019220,1,1,1,6,2,4,26002,26,002,0392,00001,965
260108901,1,1,2,8,2,0,26018,26,018,0380,00002,1114
260108901,1,2,1,6,2,0,26018,26,018,0380,00002,1114
260114304,1,1,2,4,2,16,26018,26,018,0380,00003,1928
260142401,1,1,2,7,2,12,26018,26,018,0378,00007,2940
260156405,1,1,2,8,2,8,26018,26,018,0380,00004,1517
260203403,1,1,2,8,2,8,26025,26,025,0393,00002,1331
260226803,1,1,2,8,2,5,26029,26,029,0387,00001,1447
260226804,1,1,1,8,2,5,26029,26,029,0387,00001,1447
260226804,1,2,1,6,2,3,26029,26,029,0387,00001,1447
260226805,1,1,2,8,2,6,26029,26,029,0387,00001,1447
260242203,1,1,1,6,2,1,26029,26,029,0387,00002,965
260242504,1,1,2,7,2,48,26029,26,029,0386,00003,1410
260254001,1,1,1,8,2,1,26029,26,029,0388,00002,1395
260284502,1,1,2,8,2,5,26030,26,030,0377,00002,1175
260292402,1,1,2,8,2,3,26030,26,030,0377,00003,1030
260335405,1,1,2,8,2,4,26030,26,030,0377,00007,982
260340304,1,1,1,6,2,0,26030,26,030,0375,00007,1023
260374802,1,1,2,8,2,8,26030,26,030,0377,00010,1017
260389105,1,1,2,8,2,4,26030,26,030,0377,00012,1032
260411502,1,1,2,8,2,3,26030,26,030,0376,00013,1143
260411505,1,1,2,8,2,7,26030,26,030,0376,00013,1143
260446502,1,1,1,6,2,0,26030,26,030,0376,00019,929
260446505,1,1,2,8,2,5,26030,26,030,0376,00019,929
260447603,2,1,2,8,2,2,26030,26,030,0376,00020,841
260447605,1,1,2,8,2,6,26030,26,030,0376,00020,841
260499003,1,1,2,7,2,40,26033,26,033,0393,00003,1319
260538405,1,1,2,8,2,3,26042,26,042,0390,00001,968
260538405,1,2,1,6,2,1,26042,26,042,0390,00001,968
260538704,1,1,2,8,2,10,26042,26,042,0389,00001,1324
260545101,1,1,2,8,2,12,26042,26,042,0390,00002,1109
260624603,1,1,2,8,2,12,26043,26,043,0382,00007,962
260624604,1,1,2,8,2,4,26043,26,043,0382,00007,962
260639920,1,1,2,8,2,9,26048,26,048,0392,00002,1152
260645808,1,1,2,8,2,8,26048,26,048,0391,00002,1416
260704603,1,1,2,8,2,4,26058,26,058,0394,00004,904
260704603,1,2,1,6,2,4,26058,26,058,0394,00004,904
260717703,1,1,1,6,2,0,26071,26,071,0394,00005,951
260717706,1,1,1,6,2,0,26071,26,071,0394,00005,951
260717713,1,1,2,7,2,48,26071,26,071,0394,00005,951
260717715,1,1,2,8,2,8,26071,26,071,0394,00005,951
270047206,1,1,2,8,2,6,27002,27,002,0403,00001,1364
270082902,1,1,2,8,2,12,27003,27,003,0404,00001,1112
270082903,1,1,2,8,2,20,27003,27,003,0404,00001,1112
270082904,1,1,2,8,2,9,27003,27,003,0404,00001,1112
270082906,1,1,2,7,2,40,27003,27,003,0404,00001,1112
270082917,1,1,2,8,2,16,27003,27,003,0404,00001,1112
270082919,1,1,2,7,2,50,27003,27,003,0404,00001,1112
270122005,1,1,2,8,2,8,27004,27,004,0399,00001,1519
270123401,1,1,2,8,2,6,27004,27,004,0397,00001,791
270126805,1,1,2,8,2,4,27004,27,004,0399,00002,1009
270160801,1,1,2,8,1,44,27004,27,004,0399,00004,3990
270169304,1,1,2,8,2,14,27004,27,004,0398,00005,752
270169304,1,2,2,8,2,14,27004,27,004,0398,00005,752
270169501,1,1,2,4,2,4,27004,27,004,0399,00005,962
270169502,1,1,2,8,2,6,27004,27,004,0399,00005,962
270169503,1,1,2,8,2,12,27004,27,004,0399,00005,962
270169505,1,1,2,8,2,7,27004,27,004,0399,00005,962
270187404,1,1,2,4,2,18,27004,27,004,0399,00006,926
270223401,1,1,2,8,2,14,27004,27,004,0398,00008,687
270400503,1,1,2,8,2,15,27012,27,012,0405,00005,713
270400507,1,1,2,4,2,4,27012,27,012,0405,00005,713
270415903,1,1,2,8,2,4,27013,27,013,0404,00002,1013
270415907,1,1,2,8,2,10,27013,27,013,0404,00002,1013
270424101,1,1,2,8,2,4,27013,27,013,0405,00006,879
270424101,1,2,1,6,2,6,27013,27,013,0405,00006,879
280026505,1,1,2,8,2,10,28003,28,003,0411,00001,1111
280204013,1,1,2,8,2,12,28021,28,021,0429,00001,1183
280204018,1,1,2,8,2,18,28021,28,021,0429,00001,1183
280361518,1,1,2,3,2,5,28025,28,025,0429,00003,1440
280369501,1,1,2,4,2,12,28027,28,027,0422,00001,1218
280388402,1,1,1,6,2,2,28027,28,027,0422,00005,1437
280401501,1,1,2,8,2,28,28027,28,027,0423,00003,1556
280413404,1,1,2,8,2,4,28027,28,027,0422,00007,1292
280422904,1,1,1,6,2,6,28027,28,027,0422,00009,1352
280429204,1,1,2,4,2,15,28027,28,027,0424,00001,2958
280450604,1,1,2,8,2,16,28027,28,027,0422,00012,1233
280452101,1,1,2,8,2,8,28027,28,027,0423,00004,1168
280517403,1,1,2,8,2,50,28032,28,032,0416,00010,1574
280535005,1,1,2,8,2,8,28032,28,032,0418,00001,1915
280556601,1,1,1,6,2,2,28032,28,032,0418,00002,2692
280575405,1,1,1,6,2,2,28032,28,032,0417,00007,2561
280575405,1,2,2,8,2,14,28032,28,032,0417,00007,2561
280575405,1,3,2,8,2,14,28032,28,032,0417,00007,2561
280623301,1,1,2,8,2,40,28032,28,032,0417,00009,1113
280688505,1,1,1,6,2,40,28033,28,033,0428,00004,1556
280688505,1,2,2,8,2,40,28033,28,033,0428,00004,1556
280718204,1,1,2,8,2,10,28038,28,038,0410,00011,1107
280747101,1,1,2,8,2,25,28038,28,038,0412,00005,2127
280788201,1,1,2,8,2,10,28038,28,038,0411,00016,1173
280789602,1,1,2,8,2,15,28038,28,038,0412,00008,2171
280791601,1,1,2,8,2,18,28038,28,038,0411,00017,1144
280827603,1,1,2,8,2,4,28041,28,041,0426,00001,1003
280832204,1,1,1,8,2,12,28041,28,041,0426,00003,1454
280882101,1,1,2,4,2,12,28041,28,041,0427,00004,1717
280882104,1,1,2,8,2,12,28041,28,041,0427,00004,1717
280882105,1,1,1,8,2,4,28041,28,041,0427,00004,1717
280883101,1,1,2,8,2,12,28041,28,041,0427,00005,1836
280898705,1,1,2,8,2,16,28041,28,041,0426,00009,1470
290059103,1,1,2,8,2,45,29010,29,010,0433,00002,526
290079303,1,1,2,3,2,7,29013,29,013,0441,00001,301
290085818,1,1,2,8,2,4,29013,29,013,0441,00003,322
290138110,1,1,2,8,2,10,29025,29,025,0443,00005,403
290144501,1,1,2,2,2,5,29025,29,025,0433,00012,489
290162703,1,1,2,8,2,24,29028,29,028,0433,00019,707
290191004,1,1,2,3,2,18,29033,29,033,0434,00013,541
300184701,1,1,1,6,2,4,30028,30,028,0450,00001,10581
300184701,1,2,2,8,2,5,30028,30,028,0450,00001,10581
300191102,1,1,2,8,2,6,30028,30,028,0450,00002,3375
300191103,1,1,2,3,2,40,30028,30,028,0450,00002,3375
300191103,1,2,2,4,2,40,30028,30,028,0450,00002,3375
300191103,1,3,1,6,2,4,30028,30,028,0450,00002,3375
300191104,1,1,2,8,2,4,30028,30,028,0450,00002,3375
300343602,1,1,2,8,2,12,30039,30,039,0467,00002,3512
300374802,1,1,2,8,2,40,30044,30,044,0463,00001,2066
300386803,1,1,2,8,2,30,30044,30,044,0462,00002,3643
300539104,1,1,2,8,2,40,30059,30,059,0468,00001,3060
300539109,1,1,2,8,2,21,30059,30,059,0468,00001,3060
300764202,1,1,2,8,2,1,30087,30,087,0452,00003,2805
300794302,1,1,2,8,2,4,30087,30,087,0454,00003,6528
300846005,1,1,2,8,2,8,30087,30,087,0454,00004,3834
300862301,1,1,2,7,2,30,30087,30,087,0452,00005,2471
300939603,1,1,2,8,2,2,30101,30,101,0456,00001,4268
301027105,1,1,1,6,2,6,30108,30,108,0464,00002,2663
301079003,1,1,2,8,2,18,30115,30,115,0457,00003,5780
301079003,1,2,1,6,2,0,30115,30,115,0457,00003,5780
301102701,1,1,2,8,2,8,30118,30,118,0455,00001,4312
301102702,1,1,1,6,2,2,30118,30,118,0455,00001,4312
301263002,1,1,2,3,2,4,30131,30,131,0461,00001,2060
301279102,1,1,1,6,2,1,30131,30,131,0461,00002,2575
301279201,1,1,1,6,2,3,30131,30,131,0460,00002,4781
301279202,1,1,2,8,2,4,30131,30,131,0460,00002,4781
301279202,1,2,1,6,2,1,30131,30,131,0460,00002,4781
301282303,1,1,2,8,2,24,30131,30,131,0461,00003,1964
301282304,1,1,2,8,2,5,30131,30,131,0461,00003,1964
301282902,1,1,2,3,2,10,30131,30,131,0461,00004,2482
301282902,1,2,1,6,2,0,30131,30,131,0461,00004,2482
301282905,1,1,2,8,2,8,30131,30,131,0461,00004,2482
301339404,1,1,2,8,2,16,30138,30,138,0456,00003,3875
301378707,1,1,2,8,2,4,30141,30,141,0467,00008,2894
301685005,1,1,2,8,2,7,30189,30,189,0466,00002,4061
301702503,1,1,2,8,1,35,30189,30,189,0466,00004,3694
301748201,1,1,2,8,2,4,30193,30,193,0450,00003,2329
301748205,1,1,2,8,2,16,30193,30,193,0450,00003,2329
301809002,1,1,2,8,2,1,30193,30,193,0449,00007,2320
301840702,1,1,2,8,2,4,30193,30,193,0451,00001,3222
310126006,1,1,2,4,2,4,31048,31,048,0482,00003,784
310126006,1,2,1,6,2,15,31048,31,048,0482,00003,784
310137103,1,1,2,7,2,40,31050,31,050,0474,00002,967
310137103,1,2,2,7,2,40,31050,31,050,0474,00002,967
310138701,1,1,2,8,2,3,31050,31,050,0474,00003,606
310148305,1,1,2,8,2,2,31050,31,050,0474,00007,1165
310157802,1,1,2,3,2,8,31050,31,050,0474,00008,994
310163301,1,1,1,6,2,0,31050,31,050,0474,00010,722
310163304,1,1,1,6,2,0,31050,31,050,0474,00010,722
310168704,1,1,1,8,1,25,31050,31,050,0475,00001,1762
310168704,1,2,1,8,2,40,31050,31,050,0475,00001,1762
310181603,1,1,2,8,2,4,31050,31,050,0474,00014,986
310190402,2,1,1,6,2,0,31050,31,050,0475,00004,883
310190403,1,1,2,8,2,4,31050,31,050,0475,00004,883
310190403,1,2,1,6,2,1,31050,31,050,0475,00004,883
310190404,1,1,1,6,2,0,31050,31,050,0475,00004,883
310190405,1,1,1,6,2,0,31050,31,050,0475,00004,883
310197505,1,1,2,8,2,3,31050,31,050,0475,00005,729
310197505,1,2,2,7,2,20,31050,31,050,0475,00005,729
310198001,1,1,2,8,2,2,31050,31,050,0475,00006,927
310215702,1,1,2,8,2,3,31050,31,050,0474,00020,1079
310229601,1,1,1,6,2,3,31050,31,050,0473,00021,744
310236004,1,1,2,8,2,6,31050,31,050,0475,00009,773
310238303,1,1,2,8,2,4,31050,31,050,0475,00010,801
310238304,1,1,2,8,2,6,31050,31,050,0475,00010,801
310277402,1,1,1,8,2,1,31050,31,050,0474,00027,809
310286701,1,1,2,7,1,30,31050,31,050,0473,00029,223
310293802,1,1,2,7,2,4,31050,31,050,0475,00014,1085
310293805,1,1,1,6,2,2,31050,31,050,0475,00014,1085
310293805,1,2,2,8,2,2,31050,31,050,0475,00014,1085
310301303,1,1,2,8,2,8,31050,31,050,0475,00019,845
310304401,1,1,1,8,1,40,31050,31,050,0475,00020,804
310304401,1,2,2,4,2,5,31050,31,050,0475,00020,804
310304403,1,1,1,6,2,3,31050,31,050,0475,00020,804
310304403,1,2,2,8,2,8,31050,31,050,0475,00020,804
310304405,1,1,2,8,2,4,31050,31,050,0475,00020,804
310308402,1,1,2,8,2,4,31050,31,050,0475,00021,495
310308403,1,1,2,8,1,48,31050,31,050,0475,00021,495
310308403,1,2,1,6,2,1,31050,31,050,0475,00021,495
310308403,1,3,1,8,2,2,31050,31,050,0475,00021,495
310308404,1,1,2,8,2,40,31050,31,050,0475,00021,495
310308404,1,2,1,6,2,5,31050,31,050,0475,00021,495
310308404,1,3,2,3,2,8,31050,31,050,0475,00021,495
310308404,1,4,2,7,2,20,31050,31,050,0475,00021,495
310321301,1,1,2,8,2,8,31050,31,050,0475,00022,665
310321301,1,2,1,6,2,2,31050,31,050,0475,00022,665
310328002,1,1,1,6,2,0,31050,31,050,0475,00023,670
310337704,1,1,2,8,2,18,31050,31,050,0474,00030,696
310337704,1,2,1,6,2,1,31050,31,050,0474,00030,696
310338403,1,1,2,8,2,2,31050,31,050,0474,00031,718
310338803,1,1,2,8,2,12,31050,31,050,0474,00032,693
310352003,1,1,2,8,2,10,31050,31,050,0474,00035,696
310357201,1,1,2,8,2,14,31050,31,050,0475,00028,548
310357203,1,1,2,8,2,8,31050,31,050,0475,00028,548
310357204,1,1,2,8,2,15,31050,31,050,0475,00028,548
310357204,1,2,1,6,2,1,31050,31,050,0475,00028,548
310357204,1,3,1,8,2,0,31050,31,050,0475,00028,548
310357205,1,1,1,6,2,0,31050,31,050,0475,00028,548
310357205,1,2,2,8,2,3,31050,31,050,0475,00028,548
310358902,1,1,1,6,2,0,31050,31,050,0475,00029,552
310358902,1,2,2,8,2,3,31050,31,050,0475,00029,552
310367504,1,1,2,8,2,5,31050,31,050,0475,00031,208
310367504,1,2,1,6,2,1,31050,31,050,0475,00031,208
310372804,1,1,2,8,2,6,31050,31,050,0475,00033,1458
310372805,1,1,2,8,1,25,31050,31,050,0475,00033,1458
310372805,1,2,2,4,2,5,31050,31,050,0475,00033,1458
310372805,1,3,1,6,2,1,31050,31,050,0475,00033,1458
310382003,1,1,2,8,2,2,31050,31,050,0474,00036,754
310405110,1,1,1,6,2,4,31056,31,056,0480,00002,811
310405110,1,2,2,4,2,2,31056,31,056,0480,00002,811
310482508,1,1,2,8,2,2,31089,31,089,0481,00002,920
310482510,1,1,2,8,2,20,31089,31,089,0481,00002,920
310511920,1,1,1,6,2,4,31096,31,096,0479,00001,1070
310525203,1,1,2,8,2,3,31101,31,101,0476,00003,746
310532702,1,1,1,6,2,6,31101,31,101,0476,00006,746
310565403,1,1,2,8,2,18,31050,31,050,0475,00034,757
310565403,1,2,1,6,2,1,31050,31,050,0475,00034,757
320075704,1,1,2,8,2,5,32010,32,010,0492,00009,404
320096504,1,1,2,8,2,30,32017,32,017,0490,00001,602
320096505,1,1,2,8,2,5,32017,32,017,0490,00001,602
320110702,1,1,2,8,2,4,32017,32,017,0489,00003,657
320120704,1,1,2,8,2,5,32017,32,017,0489,00008,504
320126303,1,1,2,8,2,8,32017,32,017,0490,00010,828
320126303,1,2,1,6,2,2,32017,32,017,0490,00010,828
320126304,1,1,1,6,2,30,32017,32,017,0490,00010,828
320126304,1,2,2,8,2,30,32017,32,017,0490,00010,828
320129004,1,1,2,4,2,6,32017,32,017,0489,00009,607
320132603,1,1,2,4,2,8,32017,32,017,0490,00012,816
320156915,1,1,2,7,2,48,32020,32,020,0493,00002,692
320158118,1,1,2,8,2,1,32020,32,020,0494,00001,501
320165412,1,1,2,8,2,5,32020,32,020,0494,00002,578
320165414,1,1,2,8,2,4,32020,32,020,0494,00002,578
320165415,1,1,2,8,2,24,32020,32,020,0494,00002,578
320276101,1,1,2,8,2,3,32042,32,042,0493,00005,719
320276110,1,1,2,4,2,6,32042,32,042,0493,00005,719
320295005,1,1,2,8,2,12,32048,32,048,0494,00004,677
320334202,1,1,2,8,2,6,32055,32,055,0496,00001,364
320350105,1,1,2,8,2,14,32056,32,056,0490,00016,475
320361403,1,1,2,8,2,10,32056,32,056,0489,00017,461
320364703,1,1,2,8,2,6,32056,32,056,0489,00018,506
