iso3c,pais,region,grupo_ingreso,alfabetismo,crec_poblacion,electricidad,esperanza_vida,fecundidad,mortalidad_5,pib_pc_ppa,pib_pc_usd,pib_usd,pob_65mas,poblacion,pobreza_3usd,pobreza_4_2usd,pobreza_8_3usd,urbana,pobreza_mpi,gini,anio_alfabetismo,anio_crec_poblacion,anio_electricidad,anio_esperanza_vida,anio_fecundidad,anio_mortalidad_5,anio_pib_pc_ppa,anio_pib_pc_usd,anio_pib_usd,anio_pob_65mas,anio_poblacion,anio_pobreza_3usd,anio_pobreza_4_2usd,anio_pobreza_8_3usd,anio_urbana,anio_pobreza_mpi,anio_gini,categoria_idh,ranking_idh,idh,idh_ajustado_des,indice_genero_gii,anios_escol_esp,anios_escol_prom,ingreso_nacional_pc,poblacion_mill,pib_mmill_usd,log_pib_pc_ppa,pobres_3usd_mill
AFG,Afghanistan,"Middle East, North Africa, Afghanistan & Pakistan",Bajo,37.2700004577637,2.76719430653303,87.8,66.289,4.761,53,1964.45228895456,416.871146273728,17778508875.7396,2.42557886023075,43844111,NA,NA,NA,25.9401644699898,64.9,NA,2021,2025,2024,2024,2024,2024,2024,2024,2024,2025,2025,NA,NA,NA,2025,2022,NA,Bajo,181,0.496,0.321,0.661,10.79014324,2.514790058,1971.549458,43.844111,17.7785088757396,3.2932414854790126,NA
ALB,Albania,Europe & Central Asia,Medio-alto,97.6800003051758,-1.16564475393365,100,79.776,1.341,9.2,22724.2938194949,12998.147869552,30540188271.3421,17.6221063807332,2349580,0.3,2.1,19.9,58.871474331067,0.7,29.4,2023,2025,2024,2024,2024,2024,2025,2025,2025,2025,2025,2020,2020,2020,2025,2017,2020,Muy alto,71,0.81,0.705,0.107,14.51014996,10.17531099,17627.39404,2.34958,30.5401882713421,4.356490395961688,0.00704874
DZA,Algeria,"Middle East, North Africa, Afghanistan & Pakistan",Medio-alto,NA,1.31780475504384,100,76.475,2.723,21.6,15882.7138836328,6051.00322704182,287031225987.736,6.80593085174533,47435312,0,4.7,41.8,75.8187358069877,1.4,27.6,NA,2025,2024,2024,2024,2024,2025,2025,2025,2025,2025,2011,2011,2011,2025,2018,2011,Alto,96,0.763,0.601,0.443,15.4951601,7.416386987,15114.17175,47.435312,287.03122598773604,4.2009247124477875,0
AND,Andorra,Europe & Central Asia,Alto,NA,1.17204481645642,100,84.188,1.087,2.5,67993.0524178882,54291.5026031052,4500982731.80784,16.5624302661496,82904,NA,NA,NA,88.9492672283129,NA,NA,NA,2025,2024,2024,2024,2024,2025,2025,2025,2025,2025,NA,NA,NA,2025,NA,NA,Muy alto,32,0.913,0.837,NA,14.54279041,11.60999966,64631.0749,0.082904,4.500982731807841,4.8324645384308935,NA
AGO,Angola,Sub-Saharan Africa,Medio-bajo,68.1800003051758,3.00100954627922,55.5,64.805,5.048,49,8760.19081963151,3129.47662331063,122174889423.635,2.89492414306917,39040039,39.3,53.7,80,71.4615915176085,51.1,51.3,2023,2025,2024,2024,2024,2024,2025,2025,2025,2025,2025,2018,2018,2018,2025,2015,2018,Medio,148,0.616,0.36,0.515,12.1676,5.956173009,6631.276544,39.040039,122.174889423635,3.942513566329087,15.342735326999998
ATG,Antigua and Barbuda,Latin America & Caribbean,Alto,NA,0.464941443253073,100,77.766,1.582,9.1,30620.3075553859,24819.2454680158,2338196296.2963,12.3369971923977,94209,NA,NA,NA,24.3334834700661,NA,NA,NA,2025,2024,2024,2024,2024,2025,2025,2025,2025,2025,NA,NA,NA,2025,NA,NA,Muy alto,53,0.851,NA,0.24,15.50299899,11.64750004,27386.51793,0.094209,2.3381962962963,4.48600954850908,NA
ARG,Argentina,Latin America & Caribbean,Medio-alto,99.1399993896484,0.339100654860035,98.4,77.543,1.504,9.5,27846.5984597239,14898.0885943842,683097891618.597,12.634433938217,45851378,1,2.8,15.2,92.3519221615173,0.4,42.4,2020,2025,2024,2024,2024,2024,2025,2025,2025,2025,2025,2024,2024,2024,2025,2019,2024,Muy alto,47,0.865,0.761,0.264,18.83120918,11.18458184,25876.05307,45.851378,683.097891618597,4.444772152457879,0.45851378
ARM,Armenia,Europe & Central Asia,Medio-alto,99.8399963378906,1.73854906675217,100,78.319512195122,1.7,9.6,21153.478328571,9474.01849300368,29243452882.3545,14.4428643549941,3086700,0.8,5.7,47.4,65.9287015589872,0.2,27.4,2023,2025,2024,2024,2024,2024,2025,2025,2025,2025,2025,2024,2024,2024,2025,2015,2024,Muy alto,69,0.811,0.743,0.18,14.3838501,11.34497821,20220.72319,3.0867,29.2434528823545,4.32538178990019,0.0246936
AUS,Australia,East Asia & Pacific,Alto,NA,1.53308964338105,100,83.0512195121951,1.481,3.6,60194.0633547961,65129.7227990563,1798518933689.21,18.0930147394386,27614411,0.9,1.1,1.5,87.7192672666333,NA,33.8,NA,2025,2024,2024,2024,2024,2025,2025,2025,2025,2025,2020,2020,2020,2025,NA,2020,Muy alto,7,0.958,0.873,0.056,20.65477943,12.86999989,58276.87643,27.614411,1798.51893368921,4.779553661035415,0.24852969900000002
AUT,Austria,Europe & Central Asia,Alto,NA,0.328301850203979,100,81.9951219512195,1.31,3.3,63970.4008534859,62930.0351324599,579470021095.418,21.094709934873,9208163,0.5,0.6,1,69.7152152366353,NA,31.2,NA,2025,2024,2024,2024,2024,2025,2025,2025,2025,2025,2023,2023,2023,2025,NA,2023,Muy alto,22,0.93,0.861,0.033,16.28428078,12.36146506,63479.20843,9.208163,579.470021095418,4.805979072116837,0.046040815000000006
AZE,Azerbaijan,Europe & Central Asia,Medio-alto,99.7799987792969,0.431945667113889,100,74.576,1.43,17.9,22314.2168957333,7410.72281660142,75937647058.8235,9.16837192948103,10246996,NA,NA,NA,58.6371024281175,0.2,NA,2023,2025,2024,2024,2024,2024,2025,2025,2025,2025,2025,NA,NA,NA,2025,2023,NA,Alto,81,0.789,0.735,0.315,12.90977955,11.06999969,20667.95729,10.246996,75.9376470588235,4.348581650135568,NA
BHS,"Bahamas, The",Latin America & Caribbean,Alto,NA,0.43515303971882,100,74.71,1.374,12.4,36244.0500123244,39455.4466548546,15832800000,12.094434071694,403033,NA,NA,NA,81.3309172016028,NA,NA,NA,2025,2024,2024,2024,2024,2024,2024,2024,2025,2025,NA,NA,NA,2025,NA,NA,Muy alto,66,0.82,0.67,0.325,11.89137971,12.81441904,30974.68074,0.403033,15.8328,4.559236721006109,NA
BHR,Bahrain,"Middle East, North Africa, Afghanistan & Pakistan",Alto,97.8199996948242,0.733516488465226,100,81.423,1.805,8.8,60669.6307795772,30596.5794898885,48965725531.9149,4.01595782713348,1600366,NA,NA,NA,100,NA,NA,2024,2025,2024,2024,2024,2024,2025,2025,2025,2025,2025,NA,NA,NA,2025,NA,NA,Muy alto,38,0.899,NA,0.165,15.92718983,11.13000011,52818.79538,1.600366,48.9657255319149,4.782971351942892,NA
BGD,Bangladesh,South Asia,Medio-bajo,79,1.21664463269168,99.5,74.93,2.138,30.5,8676.7557622508,2597.34352335275,456319229255.578,6.66842350416686,175686899,5.9,20.5,71.5,33.2395847043975,14.9,30.9,2022,2025,2024,2024,2024,2024,2025,2025,2025,2025,2025,2022,2022,2022,2025,2022,2022,Medio,130,0.685,0.482,0.487,12.31016827,6.7899999619999996,8497.658639,175.686899,456.319229255578,3.938357372881147,10.365527041
BRB,Barbados,Latin America & Caribbean,Alto,NA,0.0552124454380577,100,76.332,1.708,9.8,22127.3604979718,28364.8181499736,8016550000,17.0865126219157,282623,1.7,3.2,15.8,59.6996239887007,NA,34.1,NA,2025,2024,2024,2024,2024,2025,2025,2025,2025,2025,2016,2016,2016,2025,NA,2016,Muy alto,69,0.811,0.62,0.297,16.6280018,9.92835689,17327.52047,0.282623,8.01655,4.344929611417832,0.004804591
BLR,Belarus,Europe & Central Asia,Medio-alto,99.870002746582,-0.511982816210923,100,74.3653414634147,1.217,2.3,29666.2115719117,10279.2547190723,93397215864.198,18.2845697904208,9085991,0,0.1,2.6,79.4945820380127,NA,24.4,2019,2025,2024,2024,2024,2024,2025,2025,2025,2025,2025,2020,2020,2020,2025,NA,2020,Muy alto,65,0.824,0.771,0.08,13.71881008,12.33537298,26724.871,9.085991,93.397215864198,4.472262089678392,0
BEL,Belgium,Europe & Central Asia,Alto,NA,0.698907329339411,100,82.3,1.44,3.7,63488.4217622523,60750.2735864647,725466462859.646,20.9608828531757,11941781,0.1,0.1,0.3,87.6726083114649,NA,26.8,NA,2025,2024,2024,2024,2024,2025,2025,2025,2025,2025,2023,2023,2023,2025,NA,2023,Muy alto,10,0.951,0.891,0.031,18.99603081,12.68965045,63582.47535,11.941781,725.466462859646,4.802694531225176,0.011941781
BLZ,Belize,Latin America & Caribbean,Medio-alto,87.879997253418,1.39336251081714,99.6,73.739,2.021,12.7,12788.8423713826,7865.47937690933,3326500000,5.22800786902611,422924,1,4,19.7,41.5621435428272,4.3,39.9,2022,2025,2024,2024,2024,2024,2025,2025,2025,2025,2025,2018,2018,2018,2025,2015,2018,Alto,115,0.721,NA,0.428,11.98379993,8.762290001,12343.07814,0.422924,3.3265,4.10683123451195,0.00422924
BEN,Benin,Sub-Saharan Africa,Medio-bajo,51.3800010681152,2.40291500851022,59,60.961,4.48,74.7,4116.2151559488,1658.27312662991,24566420903.5337,3.15305462207379,14814460,27.2,50,86.5,53.3620073968188,55.9,34.4,2022,2025,2024,2024,2024,2024,2025,2025,2025,2025,2025,2021,2021,2021,2025,2021,2021,Bajo,173,0.515,0.316,0.573,10.4464798,3.194200039,3805.527516,14.81446,24.5664209035337,3.6144980674021476,4.02953312
BTN,Bhutan,South Asia,Medio-bajo,64.9100036621094,0.649540189970473,100,73.262,1.449,17.2,16743.8703854575,4492.78400306618,3579320145.13077,6.62730338284496,796682,0,0.4,9,43.4301832473753,9.8,28.5,2022,2025,2024,2024,2024,2024,2025,2025,2025,2025,2025,2022,2022,2022,2025,2022,2022,Medio,125,0.698,0.478,0.278,13.15274184,5.835794662,13842.80353,0.796682,3.57932014513077,4.2238558534637844,0
BOL,Bolivia,Latin America & Caribbean,Medio-bajo,96.7300033569336,1.34850560934918,96.6,68.739,2.523,15.7,11000.5345220728,5147.81081955367,64768947525.3256,5.74004562527309,12581843,2.1,4.9,17.4,71.5631037265869,5.8,40.9,2024,2025,2024,2024,2024,2024,2025,2025,2025,2025,2025,2024,2024,2024,2025,2023,2024,Alto,108,0.733,0.578,0.419,15.61065006,10.02122319,9445.244868,12.581843,64.7689475253256,4.04141378828065,0.264218703
BIH,Bosnia and Herzegovina,Europe & Central Asia,Medio-alto,96.9899978637695,-0.766395454237064,100,78.044,1.492,6.9,21178.2260059497,10381.8460703874,32599982936.3931,22.8598779877873,3140095,0.3,1,11.7,52.6915440779561,NA,30.3,2013,2025,2024,2024,2024,2024,2025,2025,2025,2025,2025,2021,2021,2021,2025,NA,2021,Muy alto,74,0.804,0.689,0.157,13.16394043,10.97000027,19827.48588,3.140095,32.599982936393104,4.325889578618782,0.009420284999999999
BWA,Botswana,Sub-Saharan Africa,Medio-alto,NA,1.61250378521521,80.2,69.293,2.703,33.3,17687.2042407934,7778.1151090571,19928479839.4476,4.08292423233554,2562122,21.4,35.8,63.2,67.9559561532102,17.2,54.9,NA,2025,2024,2024,2024,2024,2025,2025,2025,2025,2025,2015,2015,2015,2025,2015,2015,Alto,111,0.731,0.509,0.49,11.42568016,10.478,16983.77103,2.562122,19.9284798394476,4.247659190809549,0.548294108
BRA,Brazil,Latin America & Caribbean,Medio-alto,94.7399978637695,0.383150642409967,99.8,76.023,1.614,14.2,20024.6968256903,10713.2856869511,2279920092492.13,11.4803394567154,212812405,3,6.2,20.6,88.1772996487898,3.8,50.3,2024,2025,2024,2024,2024,2024,2025,2025,2025,2025,2025,2024,2024,2024,2025,2015,2024,Alto,84,0.786,0.594,0.39,15.7927103,8.425371752,18011.28546,212.812405,2279.9200924921297,4.301565949578923,6.384372150000001
BRN,Brunei Darussalam,East Asia & Pacific,Alto,96.0899963378906,0.776925734682091,100,75.501,1.731,9.9,78985.122026951,32234.6428368582,15031980994.1121,7.23853575950962,466330,NA,NA,NA,75.0109886586819,NA,NA,2011,2025,2024,2024,2024,2024,2025,2025,2025,2025,2025,NA,NA,NA,2025,NA,NA,Muy alto,60,0.837,0.756,0.257,13.69861984,9.282,75826.87338,0.46633,15.0319809941121,4.897545293440957,NA
BGR,Bulgaria,Europe & Central Asia,Alto,98.3499984741211,-0.126123118551665,100,75.7609756097561,1.72,5.7,35325.5317883474,20328.1667065538,130777235529.606,22.2355986271326,6433302,1,1.6,4.4,74.1727501848475,NA,39.5,2011,2025,2024,2024,2024,2024,2025,2025,2025,2025,2025,2023,2023,2023,2025,NA,2023,Muy alto,55,0.845,0.748,0.208,15.3166399,11.45453092,32174.93003,6.433302,130.777235529606,4.5480887084117905,0.06433302
BFA,Burkina Faso,Sub-Saharan Africa,Bajo,41.5670909952631,2.20824551344995,34,61.292,4.11,74.9,2624.82858270803,1147.57131635601,27627297461.3181,2.68420882108847,24074580,42.1,64.6,90.4,28.9226360719085,64.5,37.4,2023,2025,2024,2024,2024,2024,2025,2025,2025,2025,2025,2021,2021,2021,2025,2021,2021,Bajo,186,0.459,0.273,0.555,8.733340263,2.266550064,2390.527778,24.07458,27.6272974613181,3.41910094659347,10.135398180000001
BDI,Burundi,Sub-Saharan Africa,Bajo,71.3374789737041,2.40689260858279,20.1,63.818,4.789,47.1,1066.51299240586,233.823013385395,3364713864.08488,2.54810935578364,14390003,74.2,87.2,97.4,25.6870184681663,75.1,37.5,2020,2025,2024,2024,2024,2024,2025,2025,2025,2025,2025,2020,2020,2020,2025,2016,2020,Bajo,187,0.439,0.286,0.501,9.829423879,3.473935556,858.9155681,14.390003,3.3647138640848797,3.027966150451929,10.677382225999999
CPV,Cabo Verde,Sub-Saharan Africa,Medio-alto,88.4700012207031,0.465500368710652,98.4,76.224,1.511,11.1,10395.7415044012,5796.47207860911,3056630435.32463,7.15393054195179,527326,14.6,29.7,65,77.6300668010068,NA,42.4,2024,2025,2024,2024,2024,2024,2025,2025,2025,2025,2025,2015,2015,2015,2025,NA,2015,Medio,135,0.668,0.478,0.298,11.36709717,6.09003905,8165.379172,0.527326,3.05663043532463,4.016855472001745,0.076989596
KHM,Cambodia,East Asia & Pacific,Medio-bajo,71.9300003051758,1.17893708663597,99.2,70.817,2.548,18.4,7300.08078250634,2872.42926639909,51267065842.9641,6.37709648006975,17847982,NA,NA,NA,41.10561939401,16.6,NA,2021,2025,2024,2024,2024,2024,2025,2025,2025,2025,2025,NA,NA,NA,2025,2021,NA,Medio,151,0.606,0.444,0.506,11.19789219,5.197100163,4931.016842,17.847982,51.2670658429641,3.8633276660386233,NA
CMR,Cameroon,Sub-Saharan Africa,Medio-bajo,72.5500030517578,2.56133847709635,72,63.968,4.261,64.8,4945.95640965334,1972.3815800786,58933453923.761,2.81759096595751,29879337,26.7,41.3,74,55.6692041661323,43.6,42.2,2018,2025,2024,2024,2024,2024,2025,2025,2025,2025,2025,2021,2021,2021,2025,2018,2021,Medio,155,0.588,0.361,0.558,10.79187965,6.574180412,4746.26582,29.879337,58.933453923761,3.6942502844615013,7.977782979
CAN,Canada,North America,Alto,NA,0.939110272846239,100,82.1080487804878,1.25,5.4,57989.5784653558,55697.6639660837,2319899772425.92,20.2603673865917,41651653,0.3,0.3,0.6,82.8757020253886,NA,31.5,NA,2025,2024,2024,2024,2024,2025,2025,2025,2025,2025,2022,2022,2022,2025,NA,2022,Muy alto,16,0.939,0.867,0.052,15.88825989,13.86999989,54688.41729,41.651653,2319.8997724259198,4.763349951810204,0.124954959
CAF,Central African Republic,Sub-Saharan Africa,Bajo,42.439998626709,3.36794044132968,18.2,57.671,5.954,89.7,1122.76083348097,556.131398031455,3066109226.40165,2.19798298001082,5513282,71.6,83.9,96.1,44.5532156681816,80.4,43,2019,2025,2024,2024,2024,2024,2025,2025,2025,2025,2025,2021,2021,2021,2025,2018,2021,Bajo,191,0.414,0.253,NA,7.435767778,3.989431459,1099.8606810000001,5.513282,3.06610922640165,3.0502872542476056,3.9475099119999997
TCD,Chad,Sub-Saharan Africa,Bajo,30.6299991607666,3.41211675890953,13.4,55.238,6.028,97.3,2480.50962500924,1022.33559390754,21472835225.4338,2.11894758567596,21003705,39.5,61.4,89.5,27.5658786336865,84.2,37.4,2019,2025,2024,2024,2024,2024,2025,2025,2025,2025,2025,2022,2022,2022,2025,2019,2022,Bajo,190,0.416,0.252,0.67,8.347590231,2.334984892,1748.000992,21.003705,21.4728352254338,3.3945409165486975,8.296463475000001
CHL,Chile,Latin America & Caribbean,Alto,96.4000015258789,0.480257021978241,99,81.359,1.14,6.8,30863.4223155169,17994.5911957485,357371159574.862,14.5897458504493,19859921,0.4,0.7,4.5,89.1772830019223,NA,43,2017,2025,2024,2024,2024,2024,2025,2025,2025,2025,2025,2024,2024,2024,2025,NA,2024,Muy alto,45,0.878,0.723,0.102,16.91242027,11.29105394,28047.1698,19.859921,357.371159574862,4.489444081491773,0.079439684
CHN,China,East Asia & Pacific,Medio-alto,96.7399978637695,-0.169770885652674,100,78.017,1.013,5.7,25066.5215296486,13861.970224368,19498039388042.6,14.9114314271952,1406585000,0,0.5,21.3,66.3429910348272,3.9,36,2020,2025,2024,2024,2024,2024,2025,2025,2025,2025,2025,2022,2022,2022,2025,2014,2022,Alto,78,0.797,0.67,0.132,15.4787495,8.036181597,22029.22253,1406.585,19498.0393880426,4.399094071282011,0
COL,Colombia,Latin America & Caribbean,Medio-alto,95.3399963378906,1.01451696044498,98.9,77.913,1.634,11.5,18778.6482631901,8561.62091854449,457410034202.523,10.2001032818786,53425635,8.5,14.7,37,78.7827914751151,4.8,54.4,2024,2025,2024,2024,2024,2024,2025,2025,2025,2025,2025,2024,2024,2024,2025,2015,2024,Alto,83,0.788,0.593,0.393,14.28641033,9.031581597,18665.94967,53.425635,457.41003420252304,4.273664327388783,4.541178975
COM,Comoros,Sub-Saharan Africa,Medio-bajo,75.6201980162165,1.85420936957363,91.7,67.023,3.822,39,3621.76626304343,2055.75921566281,1814920856.27026,4.45428004270273,882847,5.1,18,68.2,33.941547481361,19.2,30.3,2021,2025,2024,2024,2024,2024,2025,2025,2025,2025,2025,2024,2024,2024,2025,2022,2024,Medio,152,0.603,0.356,0.501,13.29446063,6.006840229,3481.12144,0.882847,1.8149208562702601,3.558920418936083,0.045025196999999996
COG,"Congo, Rep.",Sub-Saharan Africa,Medio-bajo,NA,2.36370989746216,53,66.001,4.109,39.1,6194.08981287756,2514.73393584747,16306633778.765,3.06138374079353,6484437,39.2,55,82.4,64.1236534817412,24.3,48.9,NA,2025,2024,2024,2024,2024,2025,2025,2025,2025,2025,2011,2011,2011,2025,2014,2011,Medio,138,0.649,0.426,0.565,12.68194711,8.322644792,5902.599066,6.484437,16.306633778765,3.791977498236516,2.541899304
CRI,Costa Rica,Latin America & Caribbean,Alto,97.4100036621094,0.448125104429705,99.8,80.996,1.318,10.4,28443.4127676388,19970.0989059622,102904921157.478,12.7519673196907,5152950,0.8,1.7,9.7,79.7268137993004,0.5,45.5,2011,2025,2024,2024,2024,2024,2025,2025,2025,2025,2025,2025,2025,2025,2025,2018,2025,Muy alto,62,0.833,0.678,0.217,16.34963687,8.844752499,23417.21315,5.15295,102.904921157478,4.453981703774773,0.0412236
CIV,Cote d'Ivoire,Sub-Saharan Africa,Medio-bajo,50,2.40496595908985,72.9,62.11,4.23,64.5,7014.84577693062,3050.10202257321,99773555666.1988,2.65345754900338,32711547,20.8,41.6,80.9,54.5489501450761,42.8,35.3,2021,2025,2024,2024,2024,2024,2025,2025,2025,2025,2025,2021,2021,2021,2025,2021,2021,Medio,157,0.582,0.35,0.589,11.41112995,4.8699998859999996,6735.416265,32.711547,99.7735556661988,3.846018127400833,6.8040017760000016
HRV,Croatia,Europe & Central Asia,Alto,NA,0.258317977905583,100,78.9292682926829,1.46,5.6,44172.0442284906,27103.9116109268,105060182186.274,23.6095692486799,3876200,0.3,0.6,2,57.8144543604143,NA,30.1,NA,2025,2024,2024,2024,2024,2025,2025,2025,2025,2025,2023,2023,2023,2025,NA,2023,Muy alto,41,0.889,0.828,0.074,16.34815025,12.0951217,41379.89027,3.8762,105.060182186274,4.645147498343966,0.0116286
CUB,Cuba,Latin America & Caribbean,Medio-alto,97.6500015258789,-0.388557565092683,100,78.264,1.445,8.6,NA,9605.27914559614,107352000000,17.0350080804476,10937203,NA,NA,NA,77.2270774821152,0.7,NA,2019,2025,2024,2024,2024,2024,NA,2020,2020,2025,2025,NA,NA,NA,2025,2019,NA,Alto,97,0.762,NA,0.296,13.87884045,10.63148903,8415.411708,10.937203,107.352,NA,NA
CYP,Cyprus,Europe & Central Asia,Alto,98.6800003051758,0.914028750872649,100,81.821,1.38,5,54103.26171875,41783.08984375,41225787247.3309,14.9323292144324,1370754,0,0,0.1,66.6950270703775,NA,31.8,2011,2025,2024,2024,2024,2024,2025,2025,2025,2025,2025,2023,2023,2023,2025,NA,2023,Muy alto,32,0.913,0.841,0.252,16.21559906,12.5573721,45394.15625,1.370754,41.2257872473309,4.733223448170418,0
CZE,Czechia,Europe & Central Asia,Alto,NA,-0.16657564691038,100,79.9780487804878,1.36,2.6,49292.4878713208,35917.2724081665,391026962800.475,21.1800713896599,10886878,0,0,0.8,72.8754367116112,NA,25.7,NA,2025,2024,2024,2024,2024,2025,2025,2025,2025,2025,2023,2023,2023,2025,NA,2023,Muy alto,29,0.915,0.867,0.088,16.7935009,12.96318214,45889.01401,10.886878,391.02696280047496,4.6927807382504705,0
PRK,"Korea, Dem. People's Rep.",East Asia & Pacific,Bajo,NA,0.272143344374275,61.4,73.743,1.784,16.7,NA,NA,NA,12.7100800151323,26571036,NA,NA,NA,64.1897858311258,NA,NA,NA,2025,2024,2024,2024,2024,NA,NA,NA,2025,2025,NA,NA,NA,2025,NA,NA,NA,NA,NA,NA,NA,12.20215329,NA,NA,26.571036,NA,NA,NA
COD,"Congo, Dem. Rep.",Sub-Saharan Africa,Bajo,68.5,3.20249618590858,22.5,62.074,5.981,89.7,1640.56621824278,806.776000708534,91030531316.9936,3.08388348450007,112832473,85.3,92.5,98,45.1135633042151,64.5,44.7,2023,2025,2024,2024,2024,2024,2025,2025,2025,2025,2025,2020,2020,2020,2025,2017,2020,Bajo,171,0.522,0.341,0.604,10.91147386,7.378561086,1431.047931,112.832473,91.0305313169936,3.214993764522157,96.24609946899999
DNK,Denmark,Europe & Central Asia,Alto,NA,0.536903805914283,100,82.2536585365854,1.47,4,72723.2747867992,76970.1535217919,462526660468.393,21.1189674580971,6009169,0.4,0.4,0.6,88.8458435892689,NA,29.9,NA,2025,2024,2024,2024,2024,2025,2025,2025,2025,2025,2023,2023,2023,2025,NA,2023,Muy alto,4,0.962,0.909,0.003,18.70401001,13.0273206,76007.85669,6.009169,462.526660468393,4.861673427279559,0.024036676000000003
DJI,Djibouti,"Middle East, North Africa, Afghanistan & Pakistan",Medio-bajo,NA,1.30518794764358,69.2,66.202,2.618,48.9,7222.5498918753,3905.604954681,4624533092.31886,4.97206050453666,1184076,25.4,43.7,80.8,72.9758660686475,NA,41.6,NA,2025,2024,2024,2024,2024,2025,2025,2025,2025,2025,2017,2017,2017,2025,NA,2017,Bajo,175,0.513,0.341,0.481,6.207350016,3.95041503,6367.606026,1.184076,4.62453309231886,3.858690550542721,0.30075530399999995
DMA,Dominica,Latin America & Caribbean,Medio-alto,NA,-0.505770483641074,100,71.294,1.48,35.7,19409.2900700194,10989.0431185083,723859259.259259,13.1984242047016,65871,NA,NA,NA,73.9861616678942,NA,NA,NA,2025,2024,2024,2024,2024,2025,2025,2025,2025,2025,NA,NA,NA,2025,NA,NA,Alto,98,0.761,NA,NA,14.15099967,10.12508965,16001.12551,0.065871,0.723859259259259,4.288009650570656,NA
DOM,Dominican Republic,Latin America & Caribbean,Medio-alto,94.0299987792969,0.809920950082305,99.5,73.868,2.222,30.6,24543.3421843415,11059.2081531834,127407463759.043,8.1878526489375,11520487,0.8,2,14,72.517694062591,2.3,39,2024,2025,2024,2024,2024,2024,2025,2025,2025,2025,2025,2024,2024,2024,2025,2019,2024,Alto,89,0.776,0.634,0.417,13.61692047,9.444525756,22023.51059,11.520487,127.407463759043,4.389933702375672,0.092163896
ECU,Ecuador,Latin America & Caribbean,Medio-alto,93.4899978637695,0.847864596028112,98.5,77.579,1.806,12.9,14319.2406558299,7125.27618527738,130320560400,8.59643215029763,18289896,3.4,8.4,30.1,63.3918189058262,2.1,45.9,2024,2025,2024,2024,2024,2024,2025,2025,2025,2025,2025,2025,2025,2025,2025,2018,2025,Alto,88,0.777,0.64,0.358,14.85167027,8.970000267,13986.39698,18.289896,130.3205604,4.155919988102646,0.6218564639999999
EGY,"Egypt, Arab Rep.","Middle East, North Africa, Afghanistan & Pakistan",Medio-bajo,79.4531619498685,1.55618628611795,100,71.806,2.735,22.4,17265.1488604617,3085.80712036204,365254630179.737,5.27119509818337,118365995,1.4,7.1,58.5,42.9043204925248,5.2,28.5,2022,2025,2024,2024,2024,2024,2025,2025,2025,2025,2025,2021,2021,2021,2025,2014,2021,Alto,100,0.754,0.582,0.398,13.12716193,10.13611962,16218.13521,118.365995,365.254630179737,4.237170327197398,1.65712393
SLV,El Salvador,Latin America & Caribbean,Medio-alto,89.7699966430664,0.429954275845337,98.7,72.302,1.768,10,12050.028265702,5766.72574029107,36708110000,8.30913126582456,6365503,4.6,8.6,29.9,75.5237123209951,7.9,39.8,2024,2025,2024,2024,2024,2024,2025,2025,2025,2025,2025,2023,2023,2023,2025,2014,2023,Medio,132,0.678,0.555,0.362,11.11291027,7.300000191,10594.84201,6.365503,36.70811,4.080988065634871,0.292813138
GNQ,Equatorial Guinea,Sub-Saharan Africa,Medio-alto,NA,2.39717222444002,65.1,63.906,4.116,68,13786.3932934089,6615.25245207167,12823210425.9217,3.76410096619379,1938431,8.8,21.5,58.1,71.5761028458697,NA,38.5,NA,2025,2024,2024,2024,2024,2025,2025,2025,2025,2025,2022,2022,2022,2025,NA,2022,Medio,133,0.674,NA,NA,12.49119511,8.281327014,12762.46845,1.938431,12.8232104259217,4.139450663736065,0.170581928
ERI,Eritrea,Sub-Saharan Africa,Bajo,NA,1.99933689205926,55.3,68.893,3.68,34.3,NA,688.68165957684,2065001626.01626,4.2581056905137,3607003,NA,NA,NA,34.5404504255216,NA,NA,NA,2025,2024,2024,2024,2024,NA,2011,2011,2025,2025,NA,NA,NA,2025,NA,NA,Bajo,178,0.503,NA,NA,7.336672297,5.09136442,2029.070062,3.607003,2.06500162601626,NA,NA
EST,Estonia,Europe & Central Asia,Alto,99.8899993896484,-0.428360939161402,100,79.2951219512195,1.18,2,41604.3226612806,34417.6320815138,47030833798.5866,21.8016309684638,1366475,0.3,0.6,1.3,70.7208526598129,NA,30.7,2011,2025,2024,2024,2024,2024,2025,2025,2025,2025,2025,2023,2023,2023,2025,NA,2023,Muy alto,36,0.905,0.841,0.061,15.96786022,13.56216597,40880.93044,1.366475,47.0308337985866,4.6191384558770405,0.004099425
SWZ,Eswatini,Sub-Saharan Africa,Medio-bajo,90.75,1.06859931393766,89.3,64.264,2.718,45.1,10706.7778049468,4108.25221093363,5160679612.81734,4.34585495321508,1256174,44.5,58.3,79.3,26.7213709706525,7.9,54.6,2022,2025,2024,2024,2024,2024,2025,2025,2025,2025,2025,2016,2016,2016,2025,2021,2016,Medio,126,0.695,0.431,0.484,15.24604391,8.685199738,9919.08523,1.256174,5.16067961281734,4.029658789965245,0.5589974299999999
ETH,Ethiopia,Sub-Saharan Africa,Bajo,60.4599990844727,2.55107529460765,56.6,67.603,3.909,44.5,3094.86811868352,932.729352775179,126358758448.356,3.2957318380591,135472051,38.6,63.7,93.5,24.1096952088946,68.7,31.1,2022,2025,2024,2024,2024,2024,2025,2025,2025,2025,2025,2021,2021,2021,2025,2019,2021,Bajo,180,0.497,0.326,0.497,9.217651571,2.402539813,2795.506984,135.472051,126.358758448356,3.4906421472015876,52.292211686
FJI,Fiji,East Asia & Pacific,Medio-alto,NA,0.469404246979013,95.9,67.463,2.27,29.1,13961.1183693541,6642.00449450523,6198013062.06553,6.63486057239182,933154,4.7,15.1,61.3,59.5444551836369,1.5,30.7,NA,2025,2024,2024,2024,2024,2025,2025,2025,2025,2025,2019,2019,2019,2025,2021,2019,Alto,111,0.731,0.626,0.35,13.84869,10.37096977,12843.15889,0.933154,6.19801306206553,4.1449202092745985,0.04385823800000001
FIN,Finland,Europe & Central Asia,Alto,NA,0.470872218110853,100,82.3365853658537,1.25,2.4,55735.2174921326,56148.580949046,317039368819.607,24.2018896456272,5646436,0.2,0.2,0.4,74.5247844319848,NA,27.4,NA,2025,2024,2024,2024,2024,2025,2025,2025,2025,2025,2023,2023,2023,2025,NA,2023,Muy alto,12,0.948,0.891,0.021,19.49408913,12.97962547,57067.63693,5.646436,317.039368819607,4.746129700188447,0.011292872
FRA,France,Europe & Central Asia,Alto,NA,0.245766211891762,100,82.9804878048781,1.61,4.3,55124.5392564395,48985.7307807924,3366315927447.33,22.5418906984086,68720337,0.1,0.1,0.3,78.8449650563584,NA,31.8,NA,2025,2024,2024,2024,2024,2025,2025,2025,2025,2025,2023,2023,2023,2025,NA,2023,Muy alto,26,0.92,0.836,0.034,16.09511948,11.7656677,55060.16038,68.720337,3366.31592744733,4.741344972558033,0.068720337
GAB,Gabon,Sub-Saharan Africa,Medio-alto,88.8600006103516,2.11142428155027,95.1,68.511,3.592,32.6,18986.4738767293,8263.03321595,21427119323.2764,4.13008683137499,2593130,3.8,8,32.9,92.0876666682068,8.6,38,2021,2025,2024,2024,2024,2024,2025,2025,2025,2025,2025,2017,2017,2017,2025,2019,2017,Alto,108,0.733,0.558,0.505,12.48275889,9.686,18854.06151,2.59313,21.4271193232764,4.278444316076041,0.09853893999999999
GMB,"Gambia, The",Sub-Saharan Africa,Bajo,51.6399993896484,2.22524763449017,69,66.057,3.907,42.4,3166.62129644442,919.060423427951,2593673987.53306,3.18495882311462,2822093,22,40.2,78.2,64.9884861325581,41.7,38.8,2021,2025,2024,2024,2024,2024,2025,2025,2025,2025,2025,2020,2020,2020,2025,2019,2020,Bajo,170,0.524,0.329,0.578,8.977899686,4.674727154,2812.017602,2.822093,2.59367398753306,3.5005961281970843,0.6208604600000001
GEO,Georgia,Europe & Central Asia,Medio-alto,99.6800003051758,3.1815662969341,100,74.657,1.802,8.6,25135.7822457412,9691.53472415196,38143612855.1367,15.9913346858712,3935766,4.2,11,45.6,61.1781364090406,0.3,33.9,2024,2025,2024,2024,2024,2024,2025,2025,2025,2025,2025,2024,2024,2024,2025,2018,2024,Muy alto,57,0.844,0.754,0.257,16.75470924,12.69999981,20752.57009,3.935766,38.1436128551367,4.400292405367658,0.16530217200000002
DEU,Germany,Europe & Central Asia,Alto,NA,-0.0303506708320264,100,80.7926829268293,1.36,3.7,62823.7736648822,60496.4350820414,5050922925047.05,23.7031981458429,83491249,0.7,0.9,1.6,82.13822205362,NA,33.7,NA,2025,2024,2024,2024,2024,2025,2025,2025,2025,2025,2022,2022,2022,2025,NA,2022,Muy alto,5,0.959,0.89,0.057,17.30921936,14.29637163,64053.22124,83.491249,5050.92292504705,4.7981240198149875,0.5844387429999999
GHA,Ghana,Sub-Saharan Africa,Medio-bajo,76.4899978637695,1.83295547173437,91.9,65.695,3.344,35.9,7357.83332993014,3257.1588903576,114209905278.717,3.78769586621254,35064272,39,56.3,85.4,58.9246861473125,24.8,43.5,2021,2025,2024,2024,2024,2024,2025,2025,2025,2025,2025,2016,2016,2016,2025,2022,2016,Medio,143,0.628,0.399,0.514,11.41845989,7.107210159,6846.352204,35.064272,114.20990527871699,3.8667499459425865,13.67506608
GRC,Greece,Europe & Central Asia,Alto,NA,0.0848067613416544,100,81.8390243902439,1.24,3.8,38218.721628616,26948.0070432791,280635521324.441,24.3998585549859,10413962,0.6,0.8,3.2,79.2246082848537,NA,33.4,NA,2025,2024,2024,2024,2024,2025,2025,2025,2025,2025,2023,2023,2023,2025,NA,2023,Muy alto,34,0.908,0.825,0.103,20.84550095,11.55385642,35760.74915,10.413962,280.63552132444096,4.5822761563212175,0.06248377199999999
GRD,Grenada,Latin America & Caribbean,Medio-alto,NA,0.081872845816827,95.6,75.367,1.472,18,18240.9934237926,12106.8790105068,1420173228.56948,12.6253692345071,117303,0.8,2.9,19.6,36.6708064336827,NA,43.8,NA,2025,2024,2024,2024,2024,2025,2025,2025,2025,2025,2018,2018,2018,2025,NA,2018,Alto,80,0.791,NA,0.226,16.57728919,9.446399307,14349.02804,0.117303,1.42017322856948,4.2610484867732525,9.384240000000001e-4
GTM,Guatemala,Latin America & Caribbean,Medio-alto,82.1100006103516,1.5179036167086,90.9,72.746,2.287,20.5,12986.5241144632,6598.18032988711,123306008821.471,4.9632752647752,18687881,9.7,17.6,47.3,56.2972033013999,28.9,45.2,2024,2025,2024,2024,2024,2024,2025,2025,2025,2025,2025,2023,2023,2023,2025,2014,2023,Medio,137,0.662,0.479,0.48,10.67763042,5.847300053,12458.604,18.687881,123.306008821471,4.113492926291705,1.8127244569999998
GIN,Guinea,Sub-Saharan Africa,Medio-bajo,39.6199989318848,2.31092272302565,53.8,60.904,4.131,92.1,4216.85970804544,1877.2541220972,28346024753.2924,3.47302636663564,15099727,11.7,29.2,76.6,38.5165334466562,66.2,29.6,2018,2025,2024,2024,2024,2024,2025,2025,2025,2025,2025,2018,2018,2018,2025,2018,2018,Bajo,179,0.5,0.302,0.609,10.39330626,2.486339025,3494.347723,15.099727,28.3460247532924,3.6249891525834608,1.766668059
GNB,Guinea-Bissau,Sub-Saharan Africa,Bajo,63.9300003051758,2.16429203622489,43.7,64.254,3.757,67.3,2814.08355940327,1123.76679992349,2527930272.92988,3.23723113648942,2249515,39.9,62.1,91.4,46.6510315281292,64.4,33.4,2022,2025,2024,2024,2024,2024,2025,2025,2025,2025,2025,2021,2021,2021,2025,2018,2021,Bajo,174,0.514,0.331,0.632,10.63534621,3.673035,2403.059237,2.249515,2.52793027292988,3.44933698892281,0.8975564850000001
GUY,Guyana,Latin America & Caribbean,Alto,85.6399993896484,0.58773840166977,93,70.319,2.395,25.2,83658.6773475997,32413.7930757518,27097477218.2254,6.98073891189565,835986,NA,NA,NA,26.4913876548981,1.8,NA,2020,2025,2024,2024,2024,2024,2025,2025,2025,2025,2025,NA,NA,NA,2025,2019,NA,Alto,89,0.776,NA,0.427,13.02205765,8.702429672,46959.25173,0.835986,27.0974772182254,4.922510994057907,NA
HTI,Haiti,Latin America & Caribbean,Medio-bajo,68.0100021362305,1.12793089533676,53.9,65.119,2.625,52.8,2677.89385325549,2694.18969101404,32077278409.2339,4.79172202171568,11906095,40.4,59.2,88.2,55.6148855859942,41.3,41.1,2017,2025,2024,2024,2024,2024,2025,2025,2025,2025,2025,2012,2012,2012,2025,2016,2012,Medio,166,0.554,0.337,0.618,10.89635878,5.3822999,2934.925802,11.906095,32.0772784092339,3.4277933583895677,4.81006238
HND,Honduras,Latin America & Caribbean,Medio-bajo,88.25,1.65037355718421,95.5,73.044,2.476,15,6726.16685066658,3598.21450440452,39601409103.3005,4.54210281541647,11005850,15.7,23.5,49.8,59.2517075900659,12,45.7,2024,2025,2024,2024,2024,2024,2025,2025,2025,2025,2025,2024,2024,2024,2025,2019,2024,Medio,139,0.645,0.496,0.437,10.16220647,7.510229074,6064.785783,11.00585,39.6014091033005,3.8277676363097246,1.72791845
HUN,Hungary,Europe & Central Asia,Alto,NA,-0.501292808614035,100,76.7243902439025,1.41,3.7,41160.6419140983,25907.4743259406,246490213513.054,21.1574623970403,9514251,0.9,1.8,4.9,70.6936831786278,NA,30.6,NA,2025,2024,2024,2024,2024,2025,2025,2025,2025,2025,2017,2017,2017,2025,NA,2017,Muy alto,46,0.87,0.819,0.213,15.46940041,12.33162229,37236.07462,9.514251,246.490213513054,4.614482139112186,0.085628259
ISL,Iceland,Europe & Central Asia,Alto,NA,1.51445294794602,100,82.809756097561,1.56,2.8,68064.6854551866,98323.4849517418,38582528789.0033,15.9770103398231,392404,0.1,0.1,0.4,94.2179320191117,NA,26.8,NA,2025,2024,2024,2024,2024,2025,2025,2025,2025,2025,2019,2019,2019,2025,NA,2019,Muy alto,1,0.972,0.923,0.024,18.85058975,13.90892628,69116.93736,0.392404,38.582528789003305,4.832921841869587,3.92404e-4
IND,India,South Asia,Medio-bajo,78.1625330351403,0.887183543977214,99.9,72.235,1.962,26.6,10039.0708910587,2702.47987141553,3956067115771.63,7.37657146047502,1463865525,5.3,23.9,82.1,35.689155772396,16.4,25.5,2024,2025,2024,2024,2024,2024,2025,2025,2025,2025,2025,2022,2022,2022,2025,2019,2022,Medio,130,0.685,0.475,0.403,12.95454025,6.8800001140000004,9046.756336,1463.865525,3956.0671157716297,4.0016935210203695,77.58487282499999
IDN,Indonesia,East Asia & Pacific,Medio-alto,96,0.784708535785041,99.9,71.288,2.115,17.7,15091.0088604652,5059.62596411213,1445642584163.81,7.542769252795,285721236,4,16.4,65.2,59.3929063969984,3.6,34.4,2020,2025,2024,2024,2024,2024,2025,2025,2025,2025,2025,2025,2025,2025,2025,2017,2025,Alto,113,0.728,0.608,0.423,13.33577728,8.6972232,13700.12989,285.721236,1445.6425841638102,4.178718274095498,11.428849439999999
IRN,"Iran, Islamic Rep.","Middle East, North Africa, Afghanistan & Pakistan",Medio-alto,88.9168161136597,0.923930875479985,100,77.854,1.684,11.3,16833.7821677117,3924.38017821898,362682115433.364,8.58114314727287,92417681,2.5,7.5,36,77.3761530941751,NA,35.9,2023,2025,2024,2024,2024,2024,2025,2025,2025,2025,2025,2023,2023,2023,2025,NA,2023,Alto,75,0.799,0.643,0.482,13.96833061,10.84671198,16095.77169,92.417681,362.682115433364,4.226181703024454,2.310442025
IRQ,Iraq,"Middle East, North Africa, Afghanistan & Pakistan",Medio-alto,84.0648941705243,2.10351548706844,100,72.424,3.221,21.8,12191.5564658302,5409.67899716967,254367293538.462,3.44918716140232,47020774,0.5,2.4,28,69.9396739468105,8.6,29.8,2021,2025,2024,2024,2024,2024,2025,2025,2025,2025,2025,2023,2023,2023,2025,2018,2023,Medio,126,0.695,0.534,0.558,12.35940135,6.780046287,12653.52469,47.020774,254.367293538462,4.086059154459246,0.23510387000000002
IRL,Ireland,Europe & Central Asia,Alto,NA,1.62826615443033,100,83.009756097561,1.47,3.9,131338.444745041,131592.462547877,721701359046.313,16.2081043488942,5484367,0.1,0.1,0.3,64.5875793756168,NA,29,NA,2025,2024,2024,2024,2024,2025,2025,2025,2025,2025,2023,2023,2023,2025,NA,2023,Muy alto,11,0.949,0.886,0.054,19.1848793,11.72499956,90884.63459,5.484367,721.701359046313,5.118391869248319,0.005484367
ISR,Israel,"Middle East, North Africa, Afghanistan & Pakistan",Alto,NA,1.19852366348133,100,83.1975609756098,2.87,3.3,48196.6345176562,60336.8477964194,610777842873.595,12.6916264748788,10122800,0.4,0.9,4.4,91.5783060866328,NA,38.3,NA,2025,2024,2024,2024,2024,2025,2025,2025,2025,2025,2022,2022,2022,2025,NA,2022,Muy alto,27,0.919,0.813,0.08,14.93416023,13.53459474,48050.11176,10.1228,610.777842873595,4.683016713312699,0.040491200000000005
ITA,Italy,Europe & Central Asia,Alto,99.3499984741211,-0.0628633523365352,100,83.9512195121951,1.18,2.7,53606.0789571011,43308.6403060733,2551556954100.35,25.0981380733118,58915656,0.9,1,1.9,69.680861801678,NA,34.3,2019,2025,2024,2024,2024,2024,2025,2025,2025,2025,2025,2023,2023,2023,2025,NA,2023,Muy alto,29,0.915,0.817,0.043,16.71419907,10.82812827,52388.88306,58.915656,2551.55695410035,4.72921404170447,0.530240904
JAM,Jamaica,Latin America & Caribbean,Medio-alto,NA,-0.0739220209228623,97.7,71.606,1.351,17.8,11357.915592063,8002.92104076242,22704903217.5631,8.57907476972342,2837077,1.4,5.1,22.9,59.4254051751628,2.8,39.9,NA,2025,2024,2024,2024,2024,2025,2025,2025,2025,2025,2021,2021,2021,2025,2018,2021,Alto,117,0.72,0.59,0.358,12.3833955,9.959910393,10056.98531,2.837077,22.7049032175631,4.055298636839298,0.03971907799999999
JPN,Japan,East Asia & Pacific,Alto,NA,-0.492142838725375,100,84.0363414634146,1.15,2.4,48283.3723959465,35951.0449549304,4435162999976.94,29.9940966737423,123366734,1.2,1.6,3.3,92.3001449420786,NA,32.3,NA,2025,2024,2024,2024,2024,2025,2025,2025,2025,2025,2020,2020,2020,2025,NA,2020,Muy alto,23,0.925,0.845,0.059,15.51198006,12.68404671,47774.60973,123.366734,4435.16299997694,4.683797596176773,1.480400808
JOR,Jordan,"Middle East, North Africa, Afghanistan & Pakistan",Medio-alto,94.4400024414062,-0.279038179525473,100,77.981,2.604,12.9,10794.2402687732,5347.77731384797,61610052535.2113,4.75359341712725,11520684,0.1,0.9,15.3,93.2085150119551,0.8,33.7,2024,2025,2024,2024,2024,2024,2025,2025,2025,2025,2025,2010,2010,2010,2025,2023,2010,Alto,100,0.754,0.637,0.433,13.1090498,10.23999977,9221.872358,11.520684,61.6100525352113,4.033192080788768,0.011520683999999998
KAZ,Kazakhstan,Europe & Central Asia,Medio-alto,NA,1.21239553353742,100,74.531,2.984,9.4,37850.5791042984,14692.1331757237,306239209650.024,9.00270150466414,20843754,0,0.3,15.2,62.3855569507987,0.5,29.2,NA,2025,2024,2024,2024,2024,2025,2025,2025,2025,2025,2021,2021,2021,2025,2015,2021,Muy alto,60,0.837,0.766,0.182,14.0086174,12.54717423,30988.52844,20.843754,306.239209650024,4.5780725284827835,0
KEN,Kenya,Sub-Saharan Africa,Medio-bajo,NA,1.92967823977399,77,63.834,3.167,38.8,5995.40177895632,2362.86091198611,135941278878.815,3.02095116077232,57532493,45.5,65.5,90.1,32.2121192871745,25.4,38.5,NA,2025,2024,2024,2024,2024,2025,2025,2025,2025,2025,2022,2022,2022,2025,2022,2022,Medio,143,0.628,0.456,0.526,11.47407573,8.624710083,5608.296066,57.532493,135.941278878815,3.7778182924451844,26.177284315
KIR,Kiribati,East Asia & Pacific,Medio-bajo,98.6079816424987,1.45386795887331,97.7,66.6,3.124,53.1,3363.99521326766,2558.66636011102,349227254.158833,4.37509387237753,136488,0.9,5.7,52,63.3850857782871,19.8,24.7,2020,2025,2024,2024,2024,2024,2025,2025,2025,2025,2025,2023,2023,2023,2025,2018,2023,Medio,140,0.644,0.535,NA,11.87390648,9.128581569,4947.280426,0.136488,0.34922725415883304,3.5268553691553275,0.001228392
KWT,Kuwait,"Middle East, North Africa, Afghanistan & Pakistan",Alto,96.4599990844727,-0.654851001278566,100,84.580487804878,1.56,8.1,48253.963885132,32312.3119953634,157209026926.418,3.17490130225807,4865298,NA,NA,NA,100,NA,NA,2020,2025,2024,2024,2024,2024,2025,2025,2025,2025,2025,NA,NA,NA,2025,NA,NA,Muy alto,52,0.852,NA,0.188,15.90424029,7.566007112,56612.04699,4.865298,157.209026926418,4.6835329948348505,NA
KGZ,Kyrgyz Republic,Europe & Central Asia,Medio-bajo,NA,1.66425490124613,100,72.4,2.6,16.8,7878.4491366966,3080.96893823359,22623752095.4613,5.96557151306138,7343064,2.2,12.5,65.2,34.7463537261057,1,27.5,NA,2025,2024,2024,2024,2024,2025,2025,2025,2025,2025,2024,2024,2024,2025,2023,2024,Alto,117,0.72,0.649,0.34,12.71388245,12.06588858,6078.117589,7.343064,22.6237520954613,3.8964407355526993,0.16154740800000003
LAO,Lao PDR,East Asia & Pacific,Medio-bajo,75.6399993896484,1.31981575540414,96.5,69.225,2.397,29.4,8872.69396186433,2324.76353098791,18302970218.5902,4.80805045518916,7873046,7.1,22.5,70.3,40.3129835040701,17.8,34.7,2023,2025,2024,2024,2024,2024,2025,2025,2025,2025,2025,2024,2024,2024,2025,2023,2024,Medio,147,0.617,0.462,0.475,9.605483055,6.06024616,8106.153218,7.873046,18.302970218590197,3.9480555020344674,0.558986266
LVA,Latvia,Europe & Central Asia,Alto,99.9000015258789,-0.987592806179397,100,76.4292682926829,1.24,2.5,38800.5425281872,26311.9730706362,48618869160.3254,22.1950582635891,1847785,0.4,0.7,2.8,68.6325719753517,NA,34,2011,2025,2024,2024,2024,2024,2025,2025,2025,2025,2025,2023,2023,2023,2025,NA,2023,Muy alto,41,0.889,0.812,0.117,16.48265076,13.40943983,37997.82233,1.847785,48.6188691603254,4.588837798154793,0.007391140000000001
LBN,Lebanon,"Middle East, North Africa, Afghanistan & Pakistan",Medio-bajo,92.0099744752418,0.745736135898232,100,77.945,2.227,17.6,10469.2210966932,4473.27134441128,25971643441.3408,10.4430002937898,5849421,5.8,15.7,50.7,90.9602314263044,NA,35.5,2019,2025,2024,2024,2024,2024,2024,2024,2024,2025,2025,2022,2022,2022,2025,NA,2022,Alto,102,0.752,NA,0.36,11.68299961,10.36999989,11298.88724,5.849421,25.971643441340802,4.019914371651008,0.339266418
LSO,Lesotho,Sub-Saharan Africa,Medio-bajo,90.4499969482422,1.1020485314959,60.6,57.798,2.664,60,2720.95737653412,1088.96276223185,2573572920.05159,3.88046584377219,2363325,41.9,56.8,83.8,44.6695855817109,25,44.9,2024,2025,2024,2024,2024,2024,2025,2025,2025,2025,2025,2017,2017,2017,2025,2023,2017,Medio,167,0.55,0.357,0.534,10.98659352,7.729883486,3029.3857,2.363325,2.57357292005159,3.4347217386628826,0.9902331750000001
LBR,Liberia,Sub-Saharan Africa,Bajo,59.4030316392756,2.08732472424606,34.9,62.324,3.864,86.4,1692.92591135475,915.328972645548,5245938900,3.33493509045042,5731206,33.6,55,88.3,56.0819747159338,52.3,35.3,2010,2025,2024,2024,2024,2024,2025,2025,2025,2025,2025,2016,2016,2016,2025,2019,2016,Bajo,177,0.51,0.326,0.646,10.46585369,6.169891955,1537.85939,5.731206,5.2459389,3.2286379522058817,1.9256852160000002
LBY,Libya,"Middle East, North Africa, Afghanistan & Pakistan",Medio-alto,NA,1.04494488295615,77.4,71.121,2.298,9.8,14118.2064418565,6448.82415074121,48098909613.6316,5.19156895615632,7458555,NA,NA,NA,87.9112413015221,2,NA,NA,2025,2024,2024,2024,2024,2025,2025,2025,2025,2025,NA,NA,NA,2025,2014,NA,Alto,115,0.721,NA,0.253,12.92465677,7.77860643,19831.43236,7.458555,48.0989096136316,4.149779528027409,NA
LIE,Liechtenstein,Europe & Central Asia,Alto,NA,1.4090617793704,100,84.2,1.37,NA,NA,220167.225473557,8905764270.4054,21.3753488835726,41024,NA,NA,NA,14.6298998993293,NA,NA,NA,2025,2024,2024,2024,NA,NA,2024,2024,2025,2025,NA,NA,NA,2025,NA,NA,Muy alto,17,0.938,NA,NA,15.41257954,12.40995938,166811.6741,0.041024,8.905764270405399,NA,NA
LTU,Lithuania,Europe & Central Asia,Alto,99.8199996948242,0.0171713878019065,100,77.1951219512195,1.11,3.4,48839.5436452948,32958.6706396386,95210150818.3512,20.7219454695688,2888774,1.1,1.2,3.2,69.0816381352764,NA,36,2011,2025,2024,2024,2024,2024,2025,2025,2025,2025,2025,2023,2023,2023,2025,NA,2023,Muy alto,39,0.895,0.812,0.07,16.45467949,13.61069239,41916.46579,2.888774,95.2101508183512,4.688771597261866,0.031776514000000006
LUX,Luxembourg,Europe & Central Asia,Alto,NA,1.46016251329208,100,83.1951219512195,1.25,2.2,127420.601625165,147252.179121515,101157829491.107,15.8123957037476,686970,0.1,0.1,0.2,94.8841729598587,NA,33.6,NA,2025,2024,2024,2024,2024,2025,2025,2025,2025,2025,2023,2023,2023,2025,NA,2023,Muy alto,25,0.922,0.838,0.044,14.35795021,12.58937195,85461.24833,0.68697,101.157829491107,5.1052396513022344,6.8697e-4
MDG,Madagascar,Sub-Saharan Africa,Bajo,74.6900024414062,2.39781026296956,42.5,63.835,3.912,62.4,1668.47702330854,599.265294255357,19620352035.7899,3.47289998087395,32740678,69.2,83.9,96.6,32.9017070836898,68.4,36.8,2021,2025,2024,2024,2024,2024,2025,2025,2025,2025,2025,2021,2021,2021,2025,2021,2021,Bajo,183,0.487,0.319,0.584,9.062584503,4.592520237,1655.764683,32.740678,19.620352035789903,3.222320230338117,22.656549176000002
MWI,Malawi,Sub-Saharan Africa,Bajo,70.1500015258789,2.55685698114353,15.6,67.561,3.59,48.8,1623.02178529282,671.506847203876,14918276698.303,2.58857988227872,22216120,75.4,87.3,97.1,17.5949868386317,49.9,38.5,2020,2025,2024,2024,2024,2024,2025,2025,2025,2025,2025,2019,2019,2019,2025,2019,2019,Bajo,172,0.517,0.365,0.581,9.902591705,5.243740082,1633.692615,22.21612,14.918276698303,3.21032434925874,16.75095448
MYS,Malaysia,East Asia & Pacific,Medio-alto,95.7699966430664,1.17471679693395,100,76.821,1.543,8.3,35461.4465805872,13124.5554178269,472193128644.597,8.03318142685505,35977838,0,0.1,2.9,77.3948812296229,NA,40.7,2022,2025,2024,2024,2024,2024,2025,2025,2025,2025,2025,2021,2021,2021,2025,NA,2021,Muy alto,67,0.819,0.707,0.172,12.67639256,11.09000015,32553.09108,35.977838,472.193128644597,4.549756447823063,0
MDV,Maldives,South Asia,Medio-alto,98.2099990844727,0.35499694483684,100,81.285,1.56,5.4,24401.3159253635,14614.7208116541,7741066860.6337,4.95821974187994,529676,0,0,11.2,42.5061567995467,0.8,29.3,2019,2025,2024,2024,2024,2024,2025,2025,2025,2025,2025,2019,2019,2019,2025,2016,2019,Alto,93,0.766,0.602,0.309,12.76840687,7.410372866,19317.31882,0.529676,7.7410668606337,4.387413247802404,0
MLI,Mali,Sub-Saharan Africa,Bajo,35.6300010681152,2.89981455024173,49.5,60.675,5.51,73,2993.25166359257,1193.27601004701,30069148580.7688,2.36307876540972,25198821,36.1,59.5,88.6,32.2127137183989,68.3,35.7,2024,2025,2024,2024,2024,2024,2025,2025,2025,2025,2025,2021,2021,2021,2025,2018,2021,Bajo,188,0.419,0.281,0.612,7.011331533,1.629999995,2341.588118,25.198821,30.0691485807688,3.476143232548436,9.096774381
MLT,Malta,"Middle East, North Africa, Afghanistan & Pakistan",Alto,93.3099975585938,1.8906123268828,100,82.9560975609756,1.01,5.3,63655.5160659665,47906.9000057635,27771821560.9411,20.5407907884966,579704,0.4,0.9,1.1,95.6805856649593,NA,31.8,2011,2025,2024,2024,2024,2024,2025,2025,2025,2025,2025,2023,2023,2023,2025,NA,2023,Muy alto,24,0.924,0.843,0.111,15.90985012,12.4207021,52155.07487,0.579704,27.771821560941103,4.80383604338972,0.002318816
MHL,Marshall Islands,East Asia & Pacific,Medio-alto,95.7629302411191,-3.42983639556145,97.2,67.075,2.864,26.7,7660.37695591168,8489.05793506422,308000000,4.87569593737942,36282,2.1,6.7,36.5,79.105503091452,NA,35.5,2021,2025,2024,2024,2024,2024,2025,2025,2025,2025,2025,2019,2019,2019,2025,NA,2019,Alto,108,0.733,0.626,NA,16.38606071,11.6366644,7223.860831,0.036282,0.308,3.8842501411527524,7.619220000000001e-4
MRT,Mauritania,Sub-Saharan Africa,Medio-bajo,59.5299987792969,2.77895808619534,52.2,68.713,4.625,36.9,6559.04321960566,2197.51046251309,11679910946.4371,3.24673388253332,5315065,10.2,26,71.2,61.4888190537696,58.4,32,2020,2025,2024,2024,2024,2024,2025,2025,2025,2025,2025,2019,2019,2019,2025,2019,2019,Medio,163,0.563,0.374,0.603,7.949540636,4.852025862,6267.470808,5.315065,11.679910946437099,3.8168404926148582,0.5421366299999999
MUS,Mauritius,Sub-Saharan Africa,Medio-alto,94.2877776512134,-0.163726377394902,100,73.7890243902439,1.44,15.4,28769.5128307709,12991.2935987166,16157804491.7614,14.1145544022434,1243741,0.5,2.3,19.1,39.0369663368524,NA,36.8,2023,2025,2024,2024,2024,2024,2025,2025,2025,2025,2025,2017,2017,2017,2025,NA,2017,Muy alto,73,0.806,0.669,0.352,14.16282114,10.10332754,27279.96011,1.243741,16.1578044917614,4.458932507816662,0.006218705
MEX,Mexico,Latin America & Caribbean,Medio-alto,95.5500030517578,0.826382426690595,99.8,75.264,1.892,13.1,21911.9292842747,13889.2339628708,1832641364775.52,8.52143438004228,131946900,1.6,4.1,21.4,80.0408930629723,5.3,42.6,2024,2025,2024,2024,2024,2024,2025,2025,2025,2025,2025,2024,2024,2024,2025,2023,2024,Alto,81,0.789,0.646,0.358,14.46811008,9.349510934,21812.65566,131.9469,1832.64136477552,4.3406806176623505,2.1111504
FSM,"Micronesia, Fed. Sts.",East Asia & Pacific,Medio-alto,NA,0.46111268735637,88.9,67.357,2.743,22.4,3934.6426835411,4414.00737137479,501797600,6.18298250398037,113683,26.1,43.8,78.1,22.4809290622703,NA,40.1,NA,2025,2024,2024,2024,2024,2025,2025,2025,2025,2025,2013,2013,2013,2025,NA,2013,Medio,149,0.615,NA,NA,11.54008512,7.33252398,4245.878243,0.113683,0.5017976,3.5949052989282775,0.029671263000000003
MDA,Moldova,Europe & Central Asia,Medio-alto,99.3600006103516,-1.75442101889586,100,71.332,1.726,16.5,17087.1874044819,8621.71721623786,20351796275.2943,16.8576673952236,2360527,0.1,0.8,20.4,43.7336240404545,NA,26.8,2014,2025,2024,2024,2024,2024,2025,2025,2025,2025,2025,2023,2023,2023,2025,NA,2023,Alto,86,0.785,0.719,0.146,14.63856847,11.82999992,15866.54207,2.360527,20.3517962752943,4.232670582601461,0.002360527
MCO,Monaco,Europe & Central Asia,Alto,NA,-0.753524326194984,100,86.497,2.102,2.7,NA,288001.574856495,11125788838.2812,36.0110586578337,38341,NA,NA,NA,100,NA,NA,NA,2025,2024,2024,2024,2024,NA,2024,2024,2025,2025,NA,NA,NA,2025,NA,NA,NA,NA,NA,NA,NA,21.6872406,NA,NA,0.038341,11.125788838281201,NA,NA
MNG,Mongolia,East Asia & Pacific,Medio-alto,98.6399993896484,1.24589876857071,99.1,72.3980487804878,2.5,13.4,17772.5342212559,7108.22743246244,25369107325.4549,5.43106536635296,3568978,0.4,2.3,24.4,71.1450719126123,7.3,31.4,2024,2025,2024,2024,2024,2024,2025,2025,2025,2025,2025,2022,2022,2022,2025,2018,2022,Alto,104,0.747,0.647,0.284,13.6376543,9.4200000760000009,14787.08237,3.568978,25.369107325454898,4.249749359141001,0.014275912000000002
MNE,Montenegro,Europe & Central Asia,Medio-alto,98.5299987792969,-0.0635300593940256,100,77.890243902439,1.8,2.4,28895.3171970071,14816.8380299947,9232801464.79257,18.2940089675043,623129,2.5,4,14.5,65.6085083521036,1.2,34.3,2018,2025,2024,2024,2024,2024,2025,2025,2025,2025,2025,2021,2021,2021,2025,2018,2021,Muy alto,48,0.862,0.771,0.121,15.53652954,12.77392572,28026.3304,0.623129,9.232801464792571,4.460827466276143,0.015578225000000001
MAR,Morocco,"Middle East, North Africa, Afghanistan & Pakistan",Medio-bajo,64.2600021362305,0.913842778572571,100,75.493,2.208,15.7,9495.4052734375,4672.46826171875,182374250612.28,8.45030687649506,38430770,3.7,11.6,49,63.1278612260269,6.4,39.5,2014,2025,2024,2024,2024,2024,2025,2025,2025,2025,2025,2013,2013,2013,2025,2017,2013,Alto,120,0.71,0.517,0.438,15.07499027,6.198,8652.880859,38.43077,182.37425061228,3.977513505593459,1.4219384900000003
MOZ,Mozambique,Sub-Saharan Africa,Bajo,61.6653441678133,2.84630186701375,36.9,63.797,4.69,59.4,1450.95955248858,626.914419215727,22337997046.1913,2.73388102426795,35631653,81.4,89.1,96.3,37.2077944927189,60.7,49.6,2022,2025,2024,2024,2024,2024,2025,2025,2025,2025,2025,2022,2022,2022,2025,2022,2022,Bajo,182,0.493,0.297,0.479,10.84830885,4.590489864,1355.767076,35.631653,22.3379970461913,3.1616553060450037,29.004165542
MMR,Myanmar,East Asia & Pacific,Medio-bajo,93.527395549521,0.641162929716532,80.4,67.095,2.098,36.9,5137.10048825615,1488.87527836542,81665773809.5238,7.52222015681565,54850648,10.3,29.1,79.8,30.5836915476767,38.3,30.7,2020,2025,2024,2024,2024,2024,2025,2025,2025,2025,2025,2017,2017,2017,2025,2015,2017,Medio,150,0.609,0.477,0.478,11.50456047,6.3800001140000004,4918.810577,54.850648,81.6657738095238,3.7107180611629778,5.649616744
NAM,Namibia,Sub-Saharan Africa,Medio-bajo,87.6399993896484,2.04761498541566,59.3,67.516,3.211,39.5,10242.2840471219,4875.92558158247,15080340653.5276,3.79304753450455,3092816,22.9,35,61.1,50.8666984399326,40.9,59.1,2023,2025,2024,2024,2024,2024,2025,2025,2025,2025,2025,2015,2015,2015,2025,2013,2015,Medio,136,0.665,0.438,0.448,11.78505588,7.273146745,10916.60872,3.092816,15.0803406535276,4.010396815863449,0.708254864
NRU,Naoero,East Asia & Pacific,Alto,96.5899963378906,0.650761515673821,100,62.279,3.29,8.3,12134.8920885013,14639.5046929186,176040043.932346,3.01026984324976,12025,9.7,21.7,68.5,100,6.8,32.4,2023,2025,2024,2024,2024,2024,2025,2025,2025,2025,2025,2012,2012,2012,2025,2023,2012,Alto,124,0.703,0.599,NA,12.84263763,9.448637676,19642.3777,0.012025,0.17604004393234599,4.084035918650912,0.0011664249999999998
NPL,Nepal,South Asia,Medio-bajo,68.7099990844727,-0.111140420150509,97.9,70.636,1.961,25.1,5276.92387725538,1535.87781246307,45489810283.1132,6.62418872502616,29618118,2.4,9.1,52.7,66.999424884859,20.1,30,2019,2025,2024,2024,2024,2024,2025,2025,2025,2025,2025,2022,2022,2022,2025,2022,2022,Medio,145,0.622,0.437,0.487,13.75430393,4.50372982,4725.930613,29.618118,45.4898102831132,3.7223808292678218,0.7108348319999999
NLD,Netherlands,Europe & Central Asia,Alto,NA,0.521869714098474,100,81.9658536585366,1.43,3.9,71378.4856331012,73683.917132794,1332767651100.39,20.8687702211484,18087633,0.1,0.1,0.3,95.9385903481191,NA,25.7,NA,2025,2024,2024,2024,2024,2025,2025,2025,2025,2025,2021,2021,2021,2025,NA,2021,Muy alto,8,0.955,0.892,0.013,18.58485031,12.66994689,68344.30826,18.087633,1332.76765110039,4.853567329719889,0.018087633000000002
NZL,New Zealand,East Asia & Pacific,Alto,NA,0.653812611006536,100,82.009756097561,1.57,4.7,48232.6651994696,49591.0405731713,264057413739.965,17.6093066526984,5324700,NA,NA,NA,83.9978515774731,NA,NA,NA,2025,2024,2024,2024,2024,2025,2025,2025,2025,2025,NA,NA,NA,2025,NA,NA,Muy alto,17,0.938,0.853,0.082,19.30005074,12.88299807,47259.60137,5.3247,264.057413739965,4.683341260458948,NA
NIC,Nicaragua,Latin America & Caribbean,Medio-bajo,87.327180649097,1.31234789341176,88.7,75.1,2.206,11.2,7933.48888006412,3173.33724815085,22237167113.0916,5.69755099606108,7007502,6.6,15.7,46.5,59.4435892957332,NA,46.2,2014,2025,2024,2024,2024,2024,2025,2025,2025,2025,2025,2014,2014,2014,2025,NA,2014,Alto,123,0.706,0.535,0.408,11.51021957,9.933019638,6881.479609,7.007502,22.237167113091598,3.8994642173483562,0.462495132
NER,Niger,Sub-Saharan Africa,Bajo,35.6100006103516,3.22289981385576,21.3,61.433,5.935,110.7,1860.54858272608,775.353622143879,21646191388.250702,2.61799886961133,27917831,60.5,79.7,96.1,18.3740697195469,79.9,32.9,2022,2025,2024,2024,2024,2024,2025,2025,2025,2025,2025,2021,2021,2021,2025,2021,2021,Bajo,188,0.419,0.265,0.591,8.308919801,1.412289341,1590.18796,27.917831,21.646191388250703,3.2696410148221475,16.890287755
NGA,Nigeria,Sub-Saharan Africa,Medio-bajo,70.4100036621094,2.06227178599451,62.5,54.635,4.382,115.6,8145.14808387469,1224.25410237743,290794361542.112,3.06953631021894,237527782,41.8,64,92.9,63.7754180467872,33,33.9,2024,2025,2024,2024,2024,2024,2025,2025,2025,2025,2025,2022,2022,2022,2025,2021,2022,Medio,164,0.56,0.379,0.677,10.51407,7.585969925,5569.374975,237.527782,290.794361542112,3.910898984460982,99.28661287599999
MKD,North Macedonia,Europe & Central Asia,Medio-alto,NA,-0.189286550678574,100,76.6165853658537,1.4,2.8,25094.6225007185,10489.9255355525,19101199817.0174,18.5237163487965,1820909,3.9,7.4,20.5,62.8909857826036,0.4,33.5,NA,2025,2024,2024,2024,2024,2025,2025,2025,2025,2025,2019,2019,2019,2025,2018,2019,Muy alto,68,0.815,0.723,0.112,14.78143978,10.22999954,22128.39461,1.8209090000000001,19.1011998170174,4.399580666960176,0.07101545100000001
NOR,Norway,Europe & Central Asia,Alto,NA,0.690166127329719,100,83.1609756097561,1.45,2.5,95173.4308224367,94594.1929573987,530755719438.879,19.080223244558,5610870,0.2,0.2,0.4,83.5705787708326,NA,26.5,NA,2025,2024,2024,2024,2024,2025,2025,2025,2025,2025,2023,2023,2023,2025,NA,2023,Muy alto,2,0.97,0.909,0.004,18.79285049,13.11796218,112710.0211,5.61087,530.755719438879,4.978515725089506,0.011221740000000001
OMN,Oman,"Middle East, North Africa, Afghanistan & Pakistan",Alto,97.3399963378906,3.95650101545376,100,80.246,2.508,10.3,36142.9439797194,19947.3966227092,109604780696.23,2.6870391801832,5494691,NA,NA,NA,79.4781383307689,NA,NA,2022,2025,2024,2024,2024,2024,2025,2025,2025,2025,2025,NA,NA,NA,2025,NA,NA,Muy alto,50,0.858,0.75,0.222,13.43931961,11.89000034,36096.04123,5.494691,109.60478069623,4.558023524596635,NA
PAK,Pakistan,"Middle East, North Africa, Afghanistan & Pakistan",Medio-bajo,58.8600006103516,1.55994397009632,95.7,67.799,3.547,56,5617.25078028458,1595.90912252837,407307214476.222,4.36186248416949,255219554,23,47.9,87.1,39.5256010979606,38.3,33.5,2021,2025,2024,2024,2024,2024,2025,2025,2025,2025,2025,2024,2024,2024,2025,2017,2024,Bajo,168,0.544,0.364,0.536,7.89510849,4.316987038,5501.132932,255.219554,407.307214476222,3.749523813241025,58.700497420000005
PLW,Palau,East Asia & Pacific,Alto,99.8448081264108,-0.181005762412027,100,69.383,1.883,21.4,19698.5947032213,19532.3557719527,345000000,11.8329794762916,17663,NA,NA,NA,79.2835934246556,NA,NA,2020,2025,2024,2024,2024,2024,2025,2025,2025,2025,2025,NA,NA,NA,2025,NA,NA,Alto,84,0.786,0.616,NA,14.06742382,13.29903477,16034.51036,0.017663,0.345,4.2944352447196765,NA
PAN,Panama,Latin America & Caribbean,Alto,96.2276533152296,1.22403711826792,96,79.775,2.106,15.3,37516.1796428548,19789.7308555826,90462600000,9.65704983976816,4571189,3.1,6.8,19.8,66.1500999418126,NA,49.7,2024,2025,2024,2024,2024,2024,2025,2025,2025,2025,2025,2024,2024,2024,2025,NA,2024,Muy alto,59,0.839,0.664,0.374,13.3116098,10.83375095,34384.56813,4.571189,90.4626,4.574218606772534,0.14170685900000002
PNG,Papua New Guinea,East Asia & Pacific,Medio-bajo,87.0046890533686,1.74625754996746,43.3,66.256,3.072,39.4,4456.23105962118,3019.5309140573,32498658653.8415,3.58807085542753,10762817,NA,NA,NA,15.7797448680276,56.6,NA,2022,2025,2024,2024,2024,2024,2025,2025,2025,2025,2025,NA,NA,NA,2025,2016,NA,Medio,160,0.576,0.423,0.584,11.51107187,4.962531078,3970.647707,10.762817,32.4986586538415,3.6489677013121846,NA
PRY,Paraguay,Latin America & Caribbean,Medio-alto,94.8600006103516,1.20391081847026,99.8,73.982,2.416,16.3,17245.8458423118,7026.61906146401,49278227554.3339,6.71858395975233,7013078,2.1,4.5,20.5,70.3897639855864,4.5,44.2,2024,2025,2024,2024,2024,2024,2025,2025,2025,2025,2025,2024,2024,2024,2025,2016,2024,Alto,99,0.756,0.599,0.412,13.98706964,8.930653385,15252.22016,7.013078,49.2782275543339,4.236684499697321,0.147274638
PER,Peru,Latin America & Caribbean,Medio-alto,93.6600036621094,1.04316532874658,96.5,77.941,1.965,12.9,16079.1247394843,9684.41170314988,334854659181.893,9.46656075708863,34576665,5.1,10.7,36.2,85.5963484845463,5.6,40.1,2024,2025,2024,2024,2024,2024,2025,2025,2025,2025,2025,2024,2024,2024,2025,2023,2024,Alto,79,0.794,0.633,0.34,14.90939376,10.15465159,14338.70977,34.576665,334.854659181893,4.206262404415052,1.7634099149999998
PHL,Philippines,East Asia & Pacific,Medio-alto,98.4700012207031,0.810982768568445,94.8,69.946,1.894,26.5,10747.5454408601,4170.72347271451,487086123720.417,5.72400622201301,116786962,5.3,16.9,58.7,55.7732907605332,3.9,39.3,2020,2025,2024,2024,2024,2024,2025,2025,2025,2025,2025,2023,2023,2023,2025,2022,2023,Alto,117,0.72,0.597,0.351,12.81904666,9.977239609,10731.20422,116.786962,487.086123720417,4.031309289999612,6.189708985999999
POL,Poland,Europe & Central Asia,Alto,NA,-0.338028518667454,100,78.409756097561,1.14,4.2,46924.5887897477,28419.5777395638,1035491784197.44,20.75382733073,36435861,0.2,0.4,1.1,60.0853330309371,NA,28.5,NA,2025,2024,2024,2024,2024,2025,2025,2025,2025,2025,2023,2023,2023,2025,NA,2023,Muy alto,35,0.906,0.817,0.081,16.67827988,13.20854242,42217.63778,36.435861,1035.49178419744,4.671400475494216,0.072871722
PRT,Portugal,Europe & Central Asia,Alto,94.4800033569336,1.02505359028502,100,82.3829268292683,1.41,3.2,42576.8139673545,32081.8106150292,346639825141.821,24.9426193763087,10804871,0.4,0.7,2.2,61.4953199318985,NA,33.9,2011,2025,2024,2024,2024,2024,2025,2025,2025,2025,2025,2023,2023,2023,2025,NA,2023,Muy alto,40,0.89,0.795,0.076,17.48682022,9.703254412,41063.92568,10.804871,346.639825141821,4.629173159963595,0.043219484
QAT,Qatar,"Middle East, North Africa, Afghanistan & Pakistan",Alto,97.75,3.92476698437933,100,82.522,1.717,5.9,110135.696297692,72524.9066385222,215559615384.615,1.70081503237359,2972215,0,0,0,99.3593427696312,NA,35.1,2014,2025,2024,2024,2024,2024,2025,2025,2025,2025,2025,2017,2017,2017,2025,NA,2017,Muy alto,43,0.886,NA,0.195,13.14116001,10.77000046,105353.268,2.972215,215.559615384615,5.041928101828558,0
KOR,"Korea, Rep.",East Asia & Pacific,Alto,NA,-0.128584337535563,100,83.6292682926829,0.748,2.8,55697.0848086328,36226.9663637512,1872374961553.15,20.3304188408974,51684564,0.1,0.2,0.5,81.1740263306674,NA,32.9,NA,2025,2024,2024,2024,2024,2025,2025,2025,2025,2025,2021,2021,2021,2025,NA,2021,Muy alto,20,0.937,0.857,0.038,16.6186409,12.72219869,49726.45327,51.684564,1872.37496155315,4.745832464749015,0.051684564
ROU,Romania,Europe & Central Asia,Alto,99.1600036621094,-0.165649007627974,100,76.4585365853659,1.39,7.3,40845.9843440113,22537.9532108047,428677977854.826,20.1384043774039,19020271,0.7,1.3,5.1,52.1728885041698,NA,29.8,2021,2025,2024,2024,2024,2024,2025,2025,2025,2025,2025,2023,2023,2023,2025,NA,2023,Muy alto,55,0.845,0.758,0.227,14.05288029,11.55000019,39374.25372,19.020271,428.677977854826,4.611149366548695,0.133141897
RUS,Russian Federation,Europe & Central Asia,Alto,99.9300003051758,-0.108864402490546,100,73.4404878048781,1.418,5.2,42357.98828125,17546.609375,2561310169358.74,17.7917873832619,143513328,0.1,0.2,0.9,75.2506636608215,NA,33,2021,2025,2024,2024,2024,2024,2025,2025,2025,2025,2025,2023,2023,2023,2025,NA,2023,Muy alto,64,0.832,0.758,0.169,13.18515015,12.40999985,39221.68359,143.513328,2561.31016935874,4.626935325866541,0.14351332800000002
RWA,Rwanda,Sub-Saharan Africa,Bajo,78.7600021362305,2.17017465948949,72,68.017,3.645,37.7,3558.68003753808,1123.73874633225,16372132990.2271,4.02416636497719,14569341,38.6,62.2,89.8,30.9133840928162,48.8,39.4,2022,2025,2024,2024,2024,2024,2025,2025,2025,2025,2025,2023,2023,2023,2025,2019,2023,Medio,159,0.578,0.399,0.394,12.59045029,4.8800001140000004,2970.559461,14.569341,16.3721329902271,3.551288942154359,5.623765626000001
KNA,St. Kitts and Nevis,Latin America & Caribbean,Alto,NA,0.168506412185747,100,72.281,1.526,15.9,31427.6630825717,25223.0257622185,1183514814.81481,11.720639791993,46922,NA,NA,NA,31.8987713138283,NA,NA,NA,2025,2024,2024,2024,2024,2025,2025,2025,2025,2025,NA,NA,NA,2025,NA,NA,Muy alto,58,0.84,NA,NA,18.40703011,10.8494008,29105.43743,0.046922,1.18351481481481,4.497312088682979,NA
LCA,St. Lucia,Latin America & Caribbean,Medio-alto,NA,0.225066989889272,100,72.846,1.385,17.2,24502.9628641276,14745.8184305461,2656444444.44444,9.963696717717,180149,0.1,0.3,7.8,29.096571131107,NA,43.7,NA,2025,2024,2024,2024,2024,2025,2025,2025,2025,2025,2015,2015,2015,2025,NA,2015,Alto,103,0.748,0.523,0.327,12.73040962,8.614167055,20899.78193,0.180149,2.65644444444444,4.38921860182338,1.80149e-4
VCT,St. Vincent and the Grenadines,Latin America & Caribbean,Medio-alto,NA,-0.690139370317183,100,71.382,1.761,11.3,19483.0127638994,12561.769166789,1255222222.22222,12.2502489379482,99924,NA,NA,NA,47.9810480381821,NA,NA,NA,2025,2024,2024,2024,2024,2025,2025,2025,2025,2025,NA,NA,NA,2025,NA,NA,Alto,76,0.798,NA,NA,16.2530213,11.29534968,17246.63609,0.099924,1.25522222222222,4.289656115046037,NA
WSM,Samoa,East Asia & Pacific,Medio-alto,97.9899978637695,0.58857998761608,100,71.826,3.801,14.9,7963.42749052153,5872.78333308796,1287936621.64619,6.06890356646976,219306,4.5,11.5,49.4,17.5063874123422,6.3,38.7,2019,2025,2024,2024,2024,2024,2025,2025,2025,2025,2025,2013,2013,2013,2025,2019,2013,Alto,122,0.708,0.609,0.416,12.4364,11.33298361,5952.016925,0.219306,1.2879366216461898,3.9011000300288154,0.00986877
SMR,San Marino,Europe & Central Asia,Alto,99.9100036621094,0.387745396648668,100,85.817,1.158,1.3,70951.7919690715,59871.3288101478,2027243193.5116,23.1484101571226,34109,NA,NA,NA,97.1870254171573,NA,NA,2022,2025,2024,2024,2024,2024,2023,2023,2023,2025,2025,NA,NA,NA,2025,NA,NA,Muy alto,29,0.915,NA,NA,14.59976717,11.35999966,64706.37558,0.034109,2.0272431935116,4.850963368538408,NA
STP,Sao Tome and Principe,Sub-Saharan Africa,Medio-bajo,87.4400024414062,1.98329290197673,77.7,69.905,3.596,13.6,5459.21311766335,4084.40062145233,981293586.906408,3.94457532444829,240254,13,30.5,70,69.1721865415984,11.7,40.7,2019,2025,2024,2024,2024,2024,2025,2025,2025,2025,2025,2017,2017,2017,2025,2019,2017,Medio,141,0.637,0.478,0.492,12.8567099,5.987559175,5583.423335,0.240254,0.981293586906408,3.7371300486966117,0.031233019999999997
SAU,Saudi Arabia,"Middle East, North Africa, Afghanistan & Pakistan",Alto,97.9300003051758,4.63120314543082,100,78.982,2.308,6,63051.0467257986,34536.6555456551,1276942933333.33,3.05678115419144,36973555,NA,NA,NA,84.6123121062185,NA,NA,2024,2025,2024,2024,2024,2024,2025,2025,2025,2025,2025,NA,NA,NA,2025,NA,NA,Muy alto,37,0.9,NA,0.228,16.94943047,11.60642778,50298.91363,36.973555,1276.94293333333,4.799692300797522,NA
SEN,Senegal,Sub-Saharan Africa,Medio-bajo,50.3600006103516,2.29738465638923,82.9,68.924,3.765,36.5,4668.54167658726,1954.71174194867,37006536238.3731,3.64616639269883,18931966,17.9,37.3,78.6,55.7672494455246,45.1,36.2,2023,2025,2024,2024,2024,2024,2025,2025,2025,2025,2025,2021,2021,2021,2025,2023,2021,Bajo,169,0.53,0.34,0.49,9.142709732,2.934554012,4202.030729,18.931966,37.0065362383731,3.6691812401549933,3.3888219139999993
SRB,Serbia,Europe & Central Asia,Medio-alto,99.3399963378906,-0.56842544719633,100,75.9682926829268,1.64,5.4,27603.3916309287,15262.0464193413,99953324472.9042,23.050411277315,6549143,1.1,2.1,9,62.6379872799333,0.1,32.8,2022,2025,2024,2024,2024,2024,2025,2025,2025,2025,2025,2023,2023,2023,2025,2019,2023,Muy alto,62,0.833,0.772,0.117,15.04216003,11.64171812,23114.80953,6.549143,99.9533244729042,4.440962447141359,0.07204057300000001
SYC,Seychelles,Sub-Saharan Africa,Alto,93.9499969482422,1.12749264749076,100,76.2951219512195,1.85,14,30638.7217194523,19449.3836346926,2387022853.48583,8.74539176146741,122730,0.7,1.4,8.4,45.4828390704609,0.9,32.1,2010,2025,2024,2024,2024,2024,2025,2025,2025,2025,2025,2018,2018,2018,2025,2019,2018,Muy alto,54,0.848,0.755,NA,18.22489929,11.19995,29195.03792,0.12273,2.38702285348583,4.486270642103883,8.591100000000001e-4
SLE,Sierra Leone,Sub-Saharan Africa,Bajo,43.5800018310547,2.03619305233604,39.2,61.964,3.703,90.5,3176.23681292996,846.296172499617,7464157904.43509,3.28364812148674,8819794,41.5,65,91.5,45.9267781356681,59.2,35.7,2019,2025,2024,2024,2024,2024,2025,2025,2025,2025,2025,2018,2018,2018,2025,2019,2018,Bajo,185,0.467,0.281,0.566,9.064124575,3.535297609,1713.727772,8.819794,7.46415790443509,3.5019128749624353,3.6602145100000003
SGP,Singapore,East Asia & Pacific,Alto,97.6500015258789,1.22350531679895,100,83.3463414634146,0.97,2.7,139592.612210761,98813.9788172877,603869516998.738,14.2110377720053,6111175,NA,NA,NA,100,NA,NA,2021,2025,2024,2024,2024,2024,2025,2025,2025,2025,2025,NA,NA,NA,2025,NA,NA,Muy alto,13,0.946,0.823,0.031,16.74227905,11.98999977,111239.2291,6.111175,603.869516998738,5.144862434325817,NA
SVK,Slovak Republic,Europe & Central Asia,Alto,NA,-0.152382641257418,100,78.3707317073171,1.46,6.3,40689.8179557427,28543.6653439813,154530066506.895,19.0363041680723,5413813,0.5,0.8,4.1,53.1940341971169,NA,23.8,NA,2025,2024,2024,2024,2024,2025,2025,2025,2025,2025,2023,2023,2023,2025,NA,2023,Muy alto,44,0.88,0.833,0.176,14.94684982,13.10320397,36792.98874,5.413813,154.530066506895,4.6094857468453405,0.027069065
SVN,Slovenia,Europe & Central Asia,Alto,NA,0.168420657387838,100,82.2853658536585,1.52,2.3,49091.0184405902,37376.2216079138,79648204979.3618,22.2111482273631,2130986,0,0,0.1,55.9906997845822,NA,24.7,NA,2025,2024,2024,2024,2024,2025,2025,2025,2025,2025,2023,2023,2023,2025,NA,2023,Muy alto,21,0.931,0.885,0.042,17.47717094,12.95120192,46360.80779,2.130986,79.64820497936181,4.691002042051803,0
SLB,Solomon Islands,East Asia & Pacific,Medio-bajo,NA,2.34616812843002,81.5,70.694,3.513,20,2382.1314520674,2086.18955928928,1749572442.95016,3.66871341943646,838645,40.3,62.9,90.7,31.3093190325418,NA,37.1,NA,2025,2024,2024,2024,2024,2025,2025,2025,2025,2025,2012,2012,2012,2025,NA,2012,Medio,156,0.584,0.483,0.478,11.31304207,5.8796802,2777.266749,0.838645,1.74957244295016,3.3769657232812347,0.337973935
SOM,"Somalia, Fed. Rep.",Sub-Saharan Africa,Bajo,54.1199989318848,3.3397984923678,54.4,58.967,6.013,101.1,1403.81389064466,661.173877723116,12995200000.2658,2.61747052453864,19654739,NA,NA,NA,55.1399062872976,NA,NA,2022,2025,2024,2024,2024,2024,2025,2025,2025,2025,2025,NA,NA,NA,2025,NA,NA,Bajo,192,0.404,0.229,0.675,7.486165162,1.899999976,1474.738459,19.654739,12.9952000002658,3.147309535412339,NA
ZAF,South Africa,Sub-Saharan Africa,Medio-alto,91.1500015258789,1.14969203871645,90.2,66.312,2.205,35.1,13592.0484020929,6597.71450918774,427184325997.307,6.88503097027824,64747319,17.4,30.2,59.6,63.8154011002522,6.3,54.1,2024,2025,2024,2024,2024,2024,2025,2025,2025,2025,2025,2022,2022,2022,2025,2016,2022,Alto,106,0.741,0.476,0.388,13.79325008,11.60999966,13693.98858,64.747319,427.184325997307,4.133284912412227,11.266033506
SSD,South Sudan,Sub-Saharan Africa,Bajo,NA,2.0337018417734,5.4,57.738,3.785,96.7,NA,1080.14718624765,11997800760.2242,3.07528935608692,12188788,76.5,88,97.6,21.6843599017401,NA,44,NA,2025,2024,2024,2024,2024,NA,2015,2015,2025,2025,2016,2016,2016,2025,NA,2016,Bajo,193,0.388,0.226,NA,5.634770141,5.730000019,688.3472771,12.188788,11.9978007602242,NA,9.32442282
ESP,Spain,Europe & Central Asia,Alto,99.6999969482422,1.03113431966787,100,83.8878048780488,1.1,3.2,49318.105559037,38627.2472148623,1906453309985.88,21.64208099744,49355143,0.8,1,2.3,80.5149251039138,NA,33.4,2021,2025,2024,2024,2024,2024,2025,2025,2025,2025,2025,2023,2023,2023,2025,NA,2023,Muy alto,28,0.918,0.819,0.043,17.83031082,10.75612495,46008.44221,49.355143,1906.45330998588,4.693006385826,0.39484114400000003
LKA,Sri Lanka,South Asia,Medio-alto,92.7399978637695,-0.732738211545502,100,77.672,1.952,5.9,14582.7603740374,5002.07904353724,108825231671.196,12.4747139630238,21756000,2.7,11.5,53.3,20.4501355167937,2.9,37.7,2024,2025,2024,2024,2024,2024,2025,2025,2025,2025,2025,2019,2019,2019,2025,2016,2019,Alto,89,0.776,0.63,0.367,13.12815666,10.77000046,12615.60045,21.756,108.825231671196,4.1638397394650335,0.587412
SDN,Sudan,Sub-Saharan Africa,Bajo,NA,2.3763155422004,66,66.521,4.264,61.6,1873.38562011719,1164.53991699219,60162634574.4689,3.38701560944597,51662147,10.1,26,73.2,34.9349444966605,52.3,34.2,NA,2025,2024,2024,2024,2024,2025,2025,2025,2025,2025,2014,2014,2014,2025,2014,2014,Bajo,176,0.511,0.328,0.588,8.620371878,3.962,2810.312012,51.662147,60.1626345744689,3.2726271823146003,5.217876847
SUR,Suriname,Latin America & Caribbean,Medio-alto,92.870002746582,0.850523968746845,99,73.757,2.231,15.8,19357.3907969318,7069.87230892274,4523657796.86421,8.19129483472689,639850,2.2,4.6,20.9,65.7886836406706,2.9,39.2,2012,2025,2024,2024,2024,2024,2025,2025,2025,2025,2025,2022,2022,2022,2025,2018,2022,Alto,114,0.722,NA,0.391,10.95909977,8.429759582,17344.38691,0.63985,4.52365779686421,4.286846817907223,0.014076700000000003
SWE,Sweden,Europe & Central Asia,Alto,NA,0.254281358853672,100,84.0634146341463,1.43,2.4,63362.4612808079,63133.2126736715,668998664082.081,20.9127967529707,10596620,0.8,0.9,1.5,89.0778677789555,NA,29.3,NA,2025,2024,2024,2024,2024,2025,2025,2025,2025,2025,2023,2023,2023,2025,NA,2023,Muy alto,5,0.959,0.886,0.007,18.99147034,12.74032574,66102.08595,10.59662,668.9986640820811,4.801832038845203,0.08477296000000001
CHE,Switzerland,Europe & Central Asia,Alto,NA,0.95982517858888,100,84.4073170731707,1.29,3.9,85732.1097535232,114769.012314293,1043529899250.92,20.4321204316855,9092436,0.2,0.2,0.3,85.7272157802756,NA,33.8,NA,2025,2024,2024,2024,2024,2025,2025,2025,2025,2025,2022,2022,2022,2025,NA,2022,Muy alto,2,0.97,0.894,0.01,16.66753006,13.94912109,81948.90177,9.092436,1043.5298992509202,4.933143511269477,0.018184871999999998
SYR,Syrian Arab Republic,"Middle East, North Africa, Afghanistan & Pakistan",Bajo,94.4199981689453,3.76901619394327,89.3,72.56,2.7,18.4,4579.43973633341,1056.78264718197,23737634644.3994,4.83918173649451,25620427,18,42.1,89.3,72.0836286208518,NA,26.4,2021,2025,2024,2024,2024,2024,2022,2022,2022,2025,2025,2022,2022,2022,2025,NA,2022,Medio,162,0.564,NA,0.49,7.418754527,5.935520062,3917.702385,25.620427,23.7376346443994,3.6608123482435087,4.61167686
TJK,Tajikistan,Europe & Central Asia,Medio-bajo,NA,1.83193545840317,99.9,71.927,3.036,28.1,5061.84700623649,1637.2542942547,17660626562.4832,4.06783017305471,10786734,6.1,16.9,55.4,26.16476270853,7.4,36.1,NA,2025,2024,2024,2024,2024,2025,2025,2025,2025,2025,2024,2024,2024,2025,2017,2024,Medio,128,0.691,0.594,0.258,10.84980801,11.27094825,5746.568969,10.786734,17.6606265624832,3.7043090145181297,0.6579907739999998
TZA,Tanzania,Sub-Saharan Africa,Medio-bajo,78.2099990844727,2.85515014149945,52.4,67.212,4.541,37,3820.61181640625,1318.81921386719,90143496090.4411,3.04176368097549,70545865,51.3,70,91.5,36.8833115936643,47.2,40.5,2022,2025,2024,2024,2024,2024,2025,2025,2025,2025,2025,2018,2018,2018,2025,2022,2018,Medio,165,0.555,0.391,0.504,8.585740089,6.065350056,3514.632861,70.545865,90.1434960904411,3.582132914538234,36.190028745
THA,Thailand,East Asia & Pacific,Medio-alto,91.0999984741211,-0.0672045728198196,100,76.564,1.204,9,22431.7518380848,8056.56359761558,577009981112.015,16.017421033045,71619863,0,0.2,11.7,62.7993377136296,0.5,33.3,2022,2025,2024,2024,2024,2024,2025,2025,2025,2025,2025,2024,2024,2024,2025,2022,2024,Alto,76,0.798,0.677,0.288,15.35883492,9.039999962,20569.90176,71.619863,577.009981112015,4.350863191724041,0
TLS,Timor-Leste,East Asia & Pacific,Medio-bajo,69.4000015258789,1.26841125849065,94.3,67.904,2.627,47.6,4109.9044785289,1340.9640193437,1902180257.82737,5.22929748839898,1418517,44,71.4,96,28.7864318960935,48.3,28.7,2022,2025,2024,2024,2024,2024,2025,2025,2025,2025,2025,2014,2014,2014,2025,2016,2014,Medio,142,0.634,0.451,0.394,13.25306303,6.226580551,5434.594692,1.418517,1.9021802578273699,3.613831728219163,0.62414748
TGO,Togo,Sub-Saharan Africa,Medio-bajo,72.5999984741211,2.17758924189303,61.1,62.935,4.121673,56.1,3485.98184512074,1383.89974929887,11889949067.4697,3.4768505984781,8591626,34.7,55.6,87,44.3949892074399,37.6,37.9,2022,2025,2024,2024,2024,2024,2025,2025,2025,2025,2025,2021,2021,2021,2025,2017,2021,Medio,161,0.571,0.363,0.564,13.09642387,5.861114619,2855.963828,8.591626,11.8899490674697,3.5423251209884286,2.9812942220000003
TON,Tonga,East Asia & Pacific,Medio-alto,99.4800033569336,-0.416512960445247,100,73.07,3.1,9.5,7412.86641968829,6547.18646814228,679218218.578017,6.85064872472094,103742,0.4,1.8,26.7,21.1561406217448,0.9,27.1,2023,2025,2024,2024,2024,2024,2025,2025,2025,2025,2025,2021,2021,2021,2025,2019,2021,Alto,92,0.769,0.682,0.444,17.78693018,10.91494895,7438.210092,0.103742,0.679218218578017,3.8699861741788086,4.14968e-4
TTO,Trinidad and Tobago,Latin America & Caribbean,Alto,NA,-0.0415920932776015,100,73.617,1.536,18.8,31721.5757411236,18967.2704636681,25942749718.4685,12.9254775320864,1367764,NA,NA,NA,53.9696087417106,0.5,NA,NA,2025,2024,2024,2024,2024,2025,2025,2025,2025,2025,NA,NA,NA,2025,2022,NA,Muy alto,72,0.807,NA,0.262,14.23764336,10.79275036,27000.14511,1.367764,25.942749718468498,4.501354752374372,NA
TUN,Tunisia,"Middle East, North Africa, Afghanistan & Pakistan",Medio-bajo,86.25,0.580403828948731,100,76.711,1.818,12.1,13017.6340422977,4656.63818386852,57502836548.0878,9.9376502855836,12348573,0.7,2.4,20.7,70.7029326009864,1,33.7,2023,2025,2024,2024,2024,2024,2025,2025,2025,2025,2025,2021,2021,2021,2025,2023,2021,Alto,105,0.746,0.595,0.238,14.67349856,7.594920158,12011.38785,12.348573,57.5028365480878,4.114532058291691,0.08644001099999998
TUR,Turkiye,Europe & Central Asia,Medio-alto,97.2600021362305,0.419954927193433,100,77.421,1.48,9.6,37300.7485739354,18599.4420922378,1597293229287,10.5709408311479,85878556,0.2,0.4,4.1,89.494060002186,NA,43.7,2021,2025,2024,2024,2024,2024,2025,2025,2025,2025,2025,2023,2023,2023,2025,NA,2023,Muy alto,51,0.853,0.708,0.227,19.8307991,8.98624366,34506.98065,85.878556,1597.293229287,4.571717547579928,0.17175711200000002
TKM,Turkmenistan,Europe & Central Asia,Medio-alto,99.9000015258789,1.64558945876185,100,70.201,2.661,39,19313.9430262025,6540.17876401136,49828621355.6516,4.80778752954433,7618847,NA,NA,NA,47.1053608253747,0.2,NA,2022,2025,2024,2024,2024,2024,2025,2025,2025,2025,2025,NA,NA,NA,2025,2019,NA,Alto,95,0.764,NA,NA,13.24057961,11.20780193,17715.58167,7.618847,49.828621355651606,4.285870945954917,NA
TUV,Tuvalu,East Asia & Pacific,Medio-alto,100,-1.6093983073263,100,67.259,3.174,19.2,5776.07849384845,6041.44908591428,57345434.7234984,7.04277286135693,9492,9,21.2,60.6,65.4480709525093,2.1,39.1,2022,2025,2024,2024,2024,2024,2025,2025,2025,2025,2025,2010,2010,2010,2025,2019,2010,Medio,129,0.689,0.578,NA,12.37506862,10.76746107,7005.520781,0.009492,0.057345434723498394,3.761633086433746,8.5428e-4
UGA,Uganda,Sub-Saharan Africa,Bajo,77.0400009155273,2.70194383324801,55.3,68.487,4.165,48.7,2980.37942135501,1206.30450825002,61985829288.1496,2.22850221312123,51384894,59.8,76.3,93.6,31.9399557536617,57.2,42.7,2024,2025,2024,2024,2024,2024,2025,2025,2025,2025,2025,2019,2019,2019,2025,2016,2019,Medio,157,0.582,0.4,0.524,11.56404819,6.323663082,2736.410021,51.384894,61.985829288149596,3.4742715560599935,30.728166612
UKR,Ukraine,Europe & Central Asia,Medio-alto,NA,2.91573569457478,100,74.692,0.988,7.9,16155.0732421875,5865.884765625,214233312784.397,18.9717382539904,38980376,0,0.2,11.3,69.5954924645764,NA,25.6,NA,2025,2024,2024,2024,2024,2025,2025,2025,2025,2025,2020,2020,2020,2025,NA,2020,Alto,87,0.779,0.715,NA,13.32800961,11.12273899,16933.14453,38.980376,214.23331278439701,4.208308931317189,0
ARE,United Arab Emirates,"Middle East, North Africa, Afghanistan & Pakistan",Alto,98.8099975585938,4.68316292656212,100,83.069,1.213,4.8,69701.785835525,50273.5126243239,552324919095.872,1.79231447206064,11513149,0,0,0.6,85.9617641324017,NA,26.4,2024,2025,2024,2024,2024,2024,2024,2024,2024,2025,2025,2018,2018,2018,2025,NA,2018,Muy alto,15,0.94,0.866,0.04,15.60159016,12.98999977,71142.30475,11.513149,552.3249190958719,4.843243905337299,0
GBR,United Kingdom,Europe & Central Asia,Alto,NA,0.296898638478743,100,81.3868536585366,1.551,4.7,53993.1172607885,57601.9621201954,4002587541846.01,19.7026932546935,69487000,0.4,0.5,0.9,83.323608078271,NA,32.4,NA,2025,2024,2024,2024,2024,2025,2025,2025,2025,2025,2021,2021,2021,2025,NA,2021,Muy alto,13,0.946,0.869,0.083,17.81106949,13.48999977,54371.58634,69.487,4002.5875418460096,4.732338401930914,0.277948
USA,United States,North America,Alto,NA,0.522468081877868,100,78.890243902439,1.6265,6.5,76931.3106990408,90026.5163005744,30769700000000,18.387224828496,341784857,1.1,1.2,1.8,80.1921733027869,NA,41.8,NA,2025,2024,2024,2024,2024,2025,2025,2025,2025,2025,2024,2024,2024,2025,NA,2024,Muy alto,17,0.938,0.832,0.169,15.92300034,13.90999985,73650.03077,341.784857,30769.7,4.886103131690468,3.759633427
URY,Uruguay,Latin America & Caribbean,Alto,98.9100036621094,-0.0561194093953689,100,78.287,1.397,7.4,32741.6246877908,25215.8238152781,85347696277.6859,16.2818995428825,3384688,0.2,0.5,5.9,95.6537192104085,NA,40,2024,2025,2024,2024,2024,2024,2025,2025,2025,2025,2025,2024,2024,2024,2025,NA,2024,Muy alto,48,0.862,0.747,0.218,17.4839592,10.53999996,28649.82199,3.384688,85.3476962776859,4.515100225944456,0.0067693760000000006
UZB,Uzbekistan,Europe & Central Asia,Medio-bajo,100,1.88404754637167,100,72.528,3.486,13.4,11622.8556243531,3968.2720079072,147038081129.405,6.06931428854572,37053428,2.3,4,12.4,51.0173495084299,1.7,32.7,2022,2025,2024,2024,2024,2024,2025,2025,2025,2025,2025,2025,2025,2025,2025,2021,2025,Alto,107,0.74,NA,0.291,12.46086979,11.90999985,8825.730893,37.053428,147.038081129405,4.065312843160685,0.8522288439999999
VUT,Vanuatu,East Asia & Pacific,Medio-bajo,87.9599990844727,2.23013831174813,65.5,71.654,3.569,17.1,3866.99814901674,4038.73520713411,1353658840.63993,4.3788357515164,335169,19.5,36.9,81.3,22.3219888836722,27.8,32.3,2023,2025,2024,2024,2024,2024,2025,2025,2025,2025,2025,2019,2019,2019,2025,2023,2019,Medio,146,0.621,0.521,0.556,11.81160992,7.183209727,3403.690193,0.335169,1.35365884063993,3.587373964193053,0.065357955
VEN,"Venezuela, RB",Latin America & Caribbean,Medio-bajo,97.1837183128414,0.39124515392802,100,72.673,2.077,24.2,NA,3494.8138870244,99661244155.6306,10.0182554931645,28516896,NA,NA,NA,89.3219112298988,NA,NA,2017,2025,2024,2024,2024,2024,NA,2025,2025,2025,2025,NA,NA,NA,2025,NA,NA,Alto,121,0.709,0.605,0.512,12.96537654,9.678385373,7157.08,28.516896,99.6612441556306,NA,NA
VNM,Viet Nam,East Asia & Pacific,Medio-alto,96.129997253418,0.603044839155161,100,74.736,1.895,17.3,15457.3499403547,5065.99091899299,514697215165.065,9.49453578200007,101598527,1.6,4.2,21.5,38.8299160351294,1.9,36.1,2022,2025,2024,2024,2024,2024,2025,2025,2025,2025,2025,2022,2022,2022,2025,2020,2022,Alto,93,0.766,0.641,0.299,15.45771503,8.979999542,13032.63533,101.598527,514.697215165065,4.189135039069199,1.6255764320000003
YEM,"Yemen, Rep.","Middle East, North Africa, Afghanistan & Pakistan",Bajo,NA,2.8917915150724,86.3,69.439,4.499,38.1,NA,633.887202451545,21606160663.0318,2.54534547337627,41773878,33.3,57.7,88,37.0336664607078,37.4,36.7,NA,2025,2024,2024,2024,2024,NA,2018,2018,2025,2025,2014,2014,2014,2025,2022,2014,Bajo,184,0.47,0.325,0.838,7.494902735,5.484149933,1018.20058,41.773878,21.6061606630318,NA,13.910701374
ZMB,Zambia,Sub-Saharan Africa,Medio-bajo,71.7699966430664,2.77109662765952,53.6,66.528,4.036,48.4,3742.25646316492,1317.87771619597,28879806220.1264,2.00005028777659,21913874,71.7,81.4,94,45.9171510161461,47.9,51.5,2024,2025,2024,2024,2024,2024,2025,2025,2025,2025,2025,2022,2022,2022,2025,2018,2022,Medio,154,0.595,0.361,0.524,11.02052892,7.397408543,3446.675821,21.913874,28.8798062201264,3.5731335471192827,15.712247658
ZWE,Zimbabwe,Sub-Saharan Africa,Medio-bajo,93.2300033569336,1.88435182354047,62,63.064,3.674,64.7,5529.23310016154,3021.43019873632,51215643905.5886,3.56147602516578,16950795,49.2,64.6,86.2,40.4951287431452,25.8,50.3,2019,2025,2024,2024,2024,2024,2025,2025,2025,2025,2025,2019,2019,2019,2025,2019,2019,Medio,153,0.598,0.406,0.519,11.05745312,8.930847216,3511.463215,16.950795,51.2156439055886,3.7426648992134615,8.339791139999999
