iso_code,country,co2_acum_fosil_mt,co2_acum_total_mt,pct_calentamiento,aporte_temp_c,co2_pc_actual_t,poblacion,co2_acum_pc_t,continente,region,pais_es,vulnerabilidad,preparacion,cuadrante
AFG,Afghanistan,242.635,611.708,0.08,0.001,0.254,42647502,14.343348878909719,Asia,"Middle East, North Africa, Afghanistan & Pakistan",Afganistán,0.611631396660846,0.272113924696938,"Baja responsabilidad, alta vulnerabilidad"
AGO,Angola,739.588,5374.209,0.339,0.006,0.589,37885854,141.8526556112474,Africa,Sub-Saharan Africa,Angola,0.527907173262356,0.256846722549453,"Baja responsabilidad, alta vulnerabilidad"
ALB,Albania,307.938,548.292,0.026,0,1.592,2791756,196.396819779379,Europe,Europe & Central Asia,Albania,0.416322992249691,0.467979768681771,"Baja responsabilidad, baja vulnerabilidad"
AND,Andorra,16.655,17.131,0.001,0,5.182,81955,209.02934537246048,Europe,Europe & Central Asia,Andorra,0.350781221558211,0.611141214267337,"Baja responsabilidad, baja vulnerabilidad"
ARE,United Arab Emirates,5824.24,5825.851,0.24,0.004,20.131,11027135,528.3195499102894,Asia,"Middle East, North Africa, Afghanistan & Pakistan",Emiratos Árabes Unidos,0.416309791298487,0.490174111754568,"Alta responsabilidad, baja vulnerabilidad"
ARG,Argentina,9151.537,23021.918,0.96,0.016,3.743,45696153,503.80429179672956,Americas,Latin America & Caribbean,Argentina,0.407881465765316,0.415404726658145,"Alta responsabilidad, baja vulnerabilidad"
ARM,Armenia,406.69,512.609,0.02,0,2.499,2973843,172.37258321975978,Asia,Europe & Central Asia,Armenia,0.393642365399574,0.456887905654006,"Baja responsabilidad, baja vulnerabilidad"
ATG,Antigua and Barbuda,26.92,17.829,0.001,0,7.092,93782,190.11110874154954,Americas,Latin America & Caribbean,Antigua y Barbuda,0.484818895524531,0.440739980028339,"Baja responsabilidad, alta vulnerabilidad"
AUS,Australia,20039.67,34012.734,1.514,0.025,14.477,26713206,1273.2554078308683,Oceania,East Asia & Pacific,Australia,0.300140571857323,0.65848946413032206,"Alta responsabilidad, baja vulnerabilidad"
AUT,Austria,5749.663,5969.547,0.192,0.003,6.18,9120815,654.4971036031319,Europe,Europe & Central Asia,Austria,0.32277793492033,0.678724107223777,"Alta responsabilidad, baja vulnerabilidad"
AZE,Azerbaijan,2637.138,3227.686,0.12,0.002,3.853,10336577,312.25869066713284,Asia,Europe & Central Asia,Azerbaiyán,0.427502121495016,0.430258329330067,"Alta responsabilidad, baja vulnerabilidad"
BDI,Burundi,16.688,327.33,0.022,0,0.065,14047788,23.301177381093733,Africa,Sub-Saharan Africa,Burundi,0.610409619844343,0.249668188199824,"Baja responsabilidad, alta vulnerabilidad"
BEL,Belgium,12906.185,13181.008,0.405,0.007,7.28,11738761,1122.861944288669,Europe,Europe & Central Asia,Bélgica,0.365557735107329,0.604891139107138,"Alta responsabilidad, baja vulnerabilidad"
BEN,Benin,128.382,1744.437,0.048,0.001,0.419,14462721,120.61609983349607,Africa,Sub-Saharan Africa,Benín,0.583662682479402,0.372152215670063,"Baja responsabilidad, alta vulnerabilidad"
BFA,Burkina Faso,95.79,1352.617,0.092,0.002,0.276,23548782,57.43893675689893,Africa,Sub-Saharan Africa,Burkina Faso,0.522513365133152,0.270204079376687,"Baja responsabilidad, alta vulnerabilidad"
BGD,Bangladesh,2000.965,3716.556,0.378,0.006,0.624,173562366,21.413374832652373,Asia,South Asia,Bangladés,0.543533510007927,0.284277313801118,"Baja responsabilidad, alta vulnerabilidad"
BGR,Bulgaria,3984.196,4990.108,0.163,0.003,4.679,6757686,738.4344285899049,Europe,Europe & Central Asia,Bulgaria,0.361049975261115,0.486145386534726,"Alta responsabilidad, baja vulnerabilidad"
BHR,Bahrain,1112.192,1112.201,0.088,0.001,24.27,1607059,692.072288571857,Asia,"Middle East, North Africa, Afghanistan & Pakistan",Baréin,0.498974724042067,0.46553735656046,"Alta responsabilidad, alta vulnerabilidad"
BHS,Bahamas,180.56,182.773,0.006,0,7.65,401282,455.4727099645636,Americas,Latin America & Caribbean,Bahamas,0.447497606278051,0.421700292817975,"Alta responsabilidad, baja vulnerabilidad"
BIH,Bosnia and Herzegovina,1043.488,1271.659,0.057,0.001,6.139,3164256,401.88246462991617,Europe,Europe & Central Asia,Bosnia y Herzegovina,0.380471274937269,0.380288074094667,"Alta responsabilidad, baja vulnerabilidad"
BLR,Belarus,5184.231,10072.118,0.338,0.006,6.163,9056696,1112.1183707612577,Europe,Europe & Central Asia,Bielorrusia,0.35456427179041,0.433746384332507,"Alta responsabilidad, baja vulnerabilidad"
BLZ,Belize,22.518,375.246,0.013,0,1.909,417077,899.7043711353059,Americas,Latin America & Caribbean,Belice,0.482829364848673,0.366118564582596,"Alta responsabilidad, alta vulnerabilidad"
BOL,Bolivia,641.184,7595.995,0.278,0.005,2.313,12413318,611.923016875907,Americas,Latin America & Caribbean,Bolivia,0.453168003737546,0.311923640783655,"Alta responsabilidad, alta vulnerabilidad"
BRA,Brazil,18198.707,139444.312,5.251,0.088,2.278,211998565,657.76064097415,Americas,Latin America & Caribbean,Brasil,0.366346352367594,0.381029599363176,"Alta responsabilidad, baja vulnerabilidad"
BRB,Barbados,63.875,64.108,0.002,0,4.833,282476,226.9502541808862,Americas,Latin America & Caribbean,Barbados,0.396989620041102,0.569385011264296,"Baja responsabilidad, baja vulnerabilidad"
BRN,Brunei,427.762,515.56,0.022,0,26.046,462734,1114.1606192758688,Asia,East Asia & Pacific,Brunéi,0.424482746377342,0.417302949083792,"Alta responsabilidad, baja vulnerabilidad"
BTN,Bhutan,29.797,697.167,0.03,0,2.094,791530,880.7840511414602,Asia,South Asia,Bután,0.52801539338826,0.414158013109384,"Alta responsabilidad, alta vulnerabilidad"
BWA,Botswana,184.336,295.974,0.039,0.001,2.96,2521145,117.39665905769006,Africa,Sub-Saharan Africa,Botsuana,0.484177412028985,0.383915563064972,"Baja responsabilidad, alta vulnerabilidad"
CAF,Central African Republic,12.341,755.866,0.076,0.001,0.074,5330691,141.79512562255061,Africa,Sub-Saharan Africa,República Centroafricana,0.588267161763796,0.136827316140834,"Baja responsabilidad, alta vulnerabilidad"
CAN,Canada,35644.129,76041.891,2.271,0.038,13.42,39742429,1913.3679775838564,Americas,North America,Canadá,0.28242526681381,0.643424897213037,"Alta responsabilidad, baja vulnerabilidad"
CHE,Switzerland,3158.062,3413.798,0.113,0.002,3.595,8921979,382.6278900678874,Europe,Europe & Central Asia,Suiza,0.296346485664518,0.673899271656072,"Alta responsabilidad, baja vulnerabilidad"
CHL,Chile,3324.852,7816.921,0.249,0.004,3.983,19764774,395.49761611238256,Americas,Latin America & Caribbean,Chile,0.346583112469936,0.548057982134563,"Alta responsabilidad, baja vulnerabilidad"
CHN,China,285087.031,359646.906,12.951,0.217,8.658,1419321284,253.3935832952675,Asia,East Asia & Pacific,China,0.394127021337838,0.454977786880392,"Baja responsabilidad, baja vulnerabilidad"
CIV,Cote d'Ivoire,400.111,10430.467,0.269,0.005,0.464,31934229,326.6234171490409,Africa,Sub-Saharan Africa,Côte d’Ivoire,0.487551450812507,0.307451391982768,"Alta responsabilidad, alta vulnerabilidad"
CMR,Cameroon,309.245,2925.905,0.18,0.003,0.331,29123748,100.46457619397064,Africa,Sub-Saharan Africa,Camerún,0.47761377739775,0.27556449339349,"Baja responsabilidad, alta vulnerabilidad"
COD,Democratic Republic of Congo,238.7,26035.693,0.794,0.013,0.054,109276264,238.25570208000522,Africa,Sub-Saharan Africa,República Democrática del Congo,0.570653651365249,0.178004679640907,"Baja responsabilidad, alta vulnerabilidad"
COG,Congo,191.077,1881.965,0.122,0.002,1.396,6332969,297.16946348545207,Africa,Sub-Saharan Africa,Congo,0.548901367074036,0.223569269890757,"Alta responsabilidad, alta vulnerabilidad"
COL,Colombia,3802.047,24334.633,0.901,0.015,1.752,52886360,460.13060834589487,Americas,Latin America & Caribbean,Colombia,0.40667956463587,0.415760860663383,"Alta responsabilidad, baja vulnerabilidad"
COM,Comoros,7.513,13.79,0.001,0,0.637,866632,15.912174948536403,Africa,Sub-Saharan Africa,Comoras,0.490113253246172,0.259205277711487,"Baja responsabilidad, alta vulnerabilidad"
CPV,Cape Verde,16.916,21.048,0.001,0,1.131,524878,40.100747221259034,Africa,Sub-Saharan Africa,Cabo Verde,0.477880174984703,0.380825424939355,"Baja responsabilidad, alta vulnerabilidad"
CRI,Costa Rica,285.803,2485.696,0.08,0.001,1.708,5129909,484.54972593081084,Americas,Latin America & Caribbean,Costa Rica,0.387068930111985,0.476711983261918,"Alta responsabilidad, baja vulnerabilidad"
CUB,Cuba,1814.111,5795.804,0.158,0.003,2.226,10979781,527.8615302072054,Americas,Latin America & Caribbean,Cuba,0.457075951798497,0.326042310214536,"Alta responsabilidad, alta vulnerabilidad"
CYP,Cyprus,321.552,271.718,0.012,0,5.374,1358287,200.04461501876997,Asia,Europe & Central Asia,Chipre,0.354660330841481,0.504149457315001,"Baja responsabilidad, baja vulnerabilidad"
CZE,Czechia,12331.785,12006.457,0.382,0.006,7.044,10735857,1118.351054787708,Europe,Europe & Central Asia,Chequia,0.305117504592286,0.606858218342057,"Alta responsabilidad, baja vulnerabilidad"
DEU,Germany,95135.68,94907.508,2.921,0.049,6.769,84552234,1122.4719148165855,Europe,Europe & Central Asia,Alemania,0.295589152589316,0.680281280285757,"Alta responsabilidad, baja vulnerabilidad"
DJI,Djibouti,21.121,27.193,0.004,0,0.483,1168726,23.267215754590897,Africa,"Middle East, North Africa, Afghanistan & Pakistan",Yibuti,0.598361572476778,0.327192953584806,"Baja responsabilidad, alta vulnerabilidad"
DNK,Denmark,4199.661,5573.946,0.183,0.003,4.746,5977417,932.5007775097505,Europe,Europe & Central Asia,Dinamarca,0.341581596937965,0.707141915822666,"Alta responsabilidad, baja vulnerabilidad"
DOM,Dominican Republic,869.154,2468.29,0.085,0.001,2.899,11427558,215.99452831479832,Americas,Latin America & Caribbean,República Dominicana,0.469902300602134,0.404711842449052,"Baja responsabilidad, alta vulnerabilidad"
DZA,Algeria,5476.568,6544.149,0.335,0.006,4.234,46814302,139.78952415011977,Africa,"Middle East, North Africa, Afghanistan & Pakistan",Argelia,0.429883579325037,0.378126927438512,"Baja responsabilidad, baja vulnerabilidad"
ECU,Ecuador,1391.196,5814.552,0.243,0.004,2.535,18135478,320.6175210821573,Americas,Latin America & Caribbean,Ecuador,0.47601951334325,0.348257452949247,"Alta responsabilidad, alta vulnerabilidad"
EGY,Egypt,7471.49,7805.938,0.368,0.006,2.217,116538256,66.98176434011506,Africa,"Middle East, North Africa, Afghanistan & Pakistan",Egipto,0.468995783671781,0.377461868398211,"Baja responsabilidad, alta vulnerabilidad"
ERI,Eritrea,19.103,160.03,0.019,0,0.21,3535610,45.26234511159319,Africa,Sub-Saharan Africa,Eritrea,0.628631763174002,0.175832855098391,"Baja responsabilidad, alta vulnerabilidad"
ESP,Spain,15700.227,17728.5,0.612,0.01,4.599,47910533,370.0334538127555,Europe,Europe & Central Asia,España,0.323034973499402,0.557203675832471,"Alta responsabilidad, baja vulnerabilidad"
EST,Estonia,1668.452,1800.003,0.062,0.001,6.105,1360548,1322.9985270640948,Europe,Europe & Central Asia,Estonia,0.3605983790192,0.608752680573911,"Alta responsabilidad, baja vulnerabilidad"
ETH,Ethiopia,330.228,7353.446,0.517,0.009,0.135,132059770,55.68271094217414,Africa,Sub-Saharan Africa,Etiopía,0.507933731799742,0.262399611191278,"Baja responsabilidad, alta vulnerabilidad"
FIN,Finland,3324.779,6765.904,0.228,0.004,5.301,5617311,1204.4738131821437,Europe,Europe & Central Asia,Finlandia,0.305513983672894,0.727422161442255,"Alta responsabilidad, baja vulnerabilidad"
FJI,Fiji,54.066,98.947,0.007,0,1.556,928800,106.53208440999138,Oceania,East Asia & Pacific,Fiyi,0.488745940494656,0.437832950515247,"Baja responsabilidad, alta vulnerabilidad"
FRA,France,40047.566,35808.758,1.3,0.022,3.969,66548532,538.0848671462805,Europe,Europe & Central Asia,Francia,0.321209947161785,0.639418204668828,"Alta responsabilidad, baja vulnerabilidad"
GAB,Gabon,307.085,1071.79,0.072,0.001,2.126,2538953,422.1385744438751,Africa,Sub-Saharan Africa,Gabón,0.449536217743472,0.302032695505385,"Alta responsabilidad, alta vulnerabilidad"
GBR,United Kingdom,80079.445,79771.938,2.367,0.04,4.526,69138185,1153.8043412623574,Europe,Europe & Central Asia,RU,0.28150875662824,0.653486991996167,"Alta responsabilidad, baja vulnerabilidad"
GEO,Georgia,662.384,233.481,0.03,0.001,3.095,3807668,61.318633872490985,Asia,Europe & Central Asia,Georgia,0.413219260379206,0.518512358392842,"Baja responsabilidad, baja vulnerabilidad"
GHA,Ghana,426.536,2687.877,0.112,0.002,0.611,34427417,78.0737340823449,Africa,Sub-Saharan Africa,Ghana,0.454633705517705,0.356778020552939,"Baja responsabilidad, alta vulnerabilidad"
GIN,Guinea,105.936,2803.08,0.174,0.003,0.273,14754779,189.97776923666564,Africa,Sub-Saharan Africa,Guinea,0.473598046098685,0.28750864740896,"Baja responsabilidad, alta vulnerabilidad"
GMB,Gambia,17.677,73.955,0.006,0,0.291,2759999,26.795299563514334,Africa,Sub-Saharan Africa,Gambia,0.551328104364644,0.273013872693158,"Baja responsabilidad, alta vulnerabilidad"
GNB,Guinea-Bissau,8.285,238.994,0.013,0,0.155,2201360,108.56652251335538,Africa,Sub-Saharan Africa,Guinea-Bisáu,0.621615559058244,0.275681366287866,"Baja responsabilidad, alta vulnerabilidad"
GNQ,Equatorial Guinea,163.384,133.575,0.022,0,3.704,1892523,70.5803839636295,Africa,Sub-Saharan Africa,Guinea Ecuatorial,0.449854852679219,0.16091831161143,"Baja responsabilidad, alta vulnerabilidad"
GRC,Greece,4296.778,5287.402,0.179,0.003,5.311,10047813,526.2241644027412,Europe,Europe & Central Asia,Grecia,0.355585279739415,0.56390195167251,"Alta responsabilidad, baja vulnerabilidad"
GTM,Guatemala,515.766,4514.235,0.18,0.003,1.08,18406366,245.25400614113616,Americas,Latin America & Caribbean,Guatemala,0.455432679166548,0.328276188875971,"Baja responsabilidad, alta vulnerabilidad"
GUY,Guyana,117.342,624.342,0.034,0.001,5.427,831092,751.2309106573039,Americas,Latin America & Caribbean,Guyana,0.46666353595074,0.385140615862348,"Alta responsabilidad, alta vulnerabilidad"
HND,Honduras,310.24,3583.085,0.121,0.002,1.187,10825704,330.9793986608169,Americas,Latin America & Caribbean,Honduras,0.47093910103503,0.297501660806443,"Alta responsabilidad, alta vulnerabilidad"
HRV,Croatia,1184.689,1843.124,0.065,0.001,4.765,3875325,475.60501377303837,Europe,Europe & Central Asia,Croacia,0.398597553548534,0.5415587705709,"Alta responsabilidad, baja vulnerabilidad"
HTI,Haiti,88.844,815.294,0.043,0.001,0.252,11772562,69.25374442708393,Americas,Latin America & Caribbean,Haití,0.5344937638164,0.199891681118003,"Baja responsabilidad, alta vulnerabilidad"
HUN,Hungary,5183.893,5758.358,0.19,0.003,4.136,9676135,595.1093075902724,Europe,Europe & Central Asia,Hungría,0.380366757382679,0.528576122558212,"Alta responsabilidad, baja vulnerabilidad"
IDN,Indonesia,17419.934,86936.609,3.341,0.056,2.865,283487933,306.66775858851105,Asia,East Asia & Pacific,Indonesia,0.430901880625814,0.397848298877582,"Alta responsabilidad, baja vulnerabilidad"
IND,India,66072.531,105592.531,4.754,0.08,2.201,1450935785,72.77546814382278,Asia,South Asia,India,0.474859584632094,0.362081405787814,"Baja responsabilidad, alta vulnerabilidad"
IRL,Ireland,2366.426,2545.947,0.064,0.001,6.339,5255016,484.4794002530154,Europe,Europe & Central Asia,Irlanda,0.317435771967295,0.604529144009406,"Alta responsabilidad, baja vulnerabilidad"
IRN,Iran,21810.637,23454.725,1.062,0.018,8.656,91567737,256.1461686008468,Asia,"Middle East, North Africa, Afghanistan & Pakistan",Irán,0.428648407980709,0.378915815171718,"Alta responsabilidad, baja vulnerabilidad"
IRQ,Iraq,5350.744,5844.444,0.493,0.008,5.074,46042015,126.93718986886216,Asia,"Middle East, North Africa, Afghanistan & Pakistan",Irak,0.496947333807058,0.209932858738367,"Baja responsabilidad, alta vulnerabilidad"
ISL,Iceland,171.686,274.576,0.012,0,9.667,393404,697.9491820113675,Europe,Europe & Central Asia,Islandia,0.31480615888223,0.608533690395264,"Alta responsabilidad, baja vulnerabilidad"
ISR,Israel,2607.636,2648.493,0.099,0.002,5.607,9387015,282.1443238345736,Asia,"Middle East, North Africa, Afghanistan & Pakistan",Israel,0.344488030960562,0.53975324788924,"Alta responsabilidad, baja vulnerabilidad"
ITA,Italy,26005.943,26140.309,0.882,0.015,5.088,59342870,440.49620451454405,Europe,Europe & Central Asia,Italia,0.357393597123316,0.600606062923487,"Alta responsabilidad, baja vulnerabilidad"
JAM,Jamaica,485.202,658.866,0.023,0,2.959,2839182,232.0619107897979,Americas,Latin America & Caribbean,Jamaica,0.451296671461053,0.401846506495405,"Baja responsabilidad, alta vulnerabilidad"
JOR,Jordan,793.394,857.614,0.035,0.001,2.01,11552885,74.2337520022055,Asia,"Middle East, North Africa, Afghanistan & Pakistan",Jordania,0.428631907247517,0.427122487929933,"Baja responsabilidad, baja vulnerabilidad"
JPN,Japan,69612.281,74886.641,2.137,0.036,7.772,123753041,605.1297034389644,Asia,East Asia & Pacific,Japón,0.35311478817066,0.667479460064185,"Alta responsabilidad, baja vulnerabilidad"
KAZ,Kazakhstan,14937.44,18967.291,0.824,0.014,13.937,20592574,921.0743154304071,Asia,Europe & Central Asia,Kazajistán,0.355038964494091,0.483785972550386,"Alta responsabilidad, baja vulnerabilidad"
KEN,Kenya,551.307,3192.033,0.198,0.003,0.376,56432946,56.56328840248744,Africa,Sub-Saharan Africa,Kenia,0.481851096061834,0.267731788668047,"Baja responsabilidad, alta vulnerabilidad"
KGZ,Kyrgyzstan,883.216,1245.74,0.06,0.001,1.638,7186014,173.35618884126862,Asia,Europe & Central Asia,Kirguistán,0.343801369205769,0.371772651451534,"Baja responsabilidad, baja vulnerabilidad"
KHM,Cambodia,251.61,3511.238,0.184,0.003,1.241,17638804,199.06326982260248,Asia,East Asia & Pacific,Camboya,0.472346602660018,0.321304843329232,"Baja responsabilidad, alta vulnerabilidad"
KOR,South Korea,20707.549,20972.07,0.655,0.011,11.286,51717587,405.51137855677604,Asia,East Asia & Pacific,Corea del Sur,0.355877385957679,0.721696183894012,"Alta responsabilidad, baja vulnerabilidad"
KWT,Kuwait,3875.923,3875.93,0.209,0.004,26.248,4934508,785.4744586491703,Asia,"Middle East, North Africa, Afghanistan & Pakistan",Kuwait,0.435111126092237,0.418129739613392,"Alta responsabilidad, baja vulnerabilidad"
LAO,Laos,243.008,2639.207,0.114,0.002,3.14,7769823,339.6740183141881,Asia,East Asia & Pacific,Laos,0.451550049940917,0.298912046045877,"Alta responsabilidad, alta vulnerabilidad"
LBN,Lebanon,794.725,805.765,0.031,0.001,2.696,5805962,138.78234132431456,Asia,"Middle East, North Africa, Afghanistan & Pakistan",Líbano,0.45461976128072,0.329565770367288,"Baja responsabilidad, alta vulnerabilidad"
LBR,Liberia,52.521,1113.558,0.054,0.001,0.153,5612813,198.39570639534935,Africa,Sub-Saharan Africa,Liberia,0.581511731241774,0.296049654866987,"Baja responsabilidad, alta vulnerabilidad"
LBY,Libya,2489.88,2550.426,0.153,0.003,8.842,7381029,345.5380001894045,Africa,"Middle East, North Africa, Afghanistan & Pakistan",Libia,0.49006927814624,0.289646611337909,"Alta responsabilidad, alta vulnerabilidad"
LCA,Saint Lucia,16.455,15.853,0.001,0,2.987,179751,88.19422423241039,Americas,Latin America & Caribbean,Santa Lucía,0.344941795256938,0.417209605150133,"Baja responsabilidad, baja vulnerabilidad"
LKA,Sri Lanka,567.871,2245.985,0.107,0.002,0.901,23103561,97.21380180310732,Asia,South Asia,Sri Lanka,0.435967030467049,0.34575800171573,"Baja responsabilidad, baja vulnerabilidad"
LSO,Lesotho,72.33,196.16,0.011,0,1.1,2337428,83.92130153313813,Africa,Sub-Saharan Africa,Lesoto,0.50679701506504,0.274323225126565,"Baja responsabilidad, alta vulnerabilidad"
LTU,Lithuania,1610.091,2866.291,0.097,0.002,4.387,2859112,1002.5109194742984,Europe,Europe & Central Asia,Lituania,0.373763903778594,0.578695986124298,"Alta responsabilidad, baja vulnerabilidad"
LUX,Luxembourg,783.031,776.032,0.023,0,10.46,673042,1153.0216539235294,Europe,Europe & Central Asia,Luxemburgo,0.341472020693569,0.660595065451149,"Alta responsabilidad, baja vulnerabilidad"
LVA,Latvia,980.751,1838.996,0.054,0.001,3.452,1871874,982.4357836050931,Europe,Europe & Central Asia,Letonia,0.386768735501481,0.5886890528393,"Alta responsabilidad, baja vulnerabilidad"
MAR,Morocco,2015.669,3543.1,0.157,0.003,1.814,38081176,93.040719120649,Africa,"Middle East, North Africa, Afghanistan & Pakistan",Marruecos,0.449760924509321,0.403185955547523,"Baja responsabilidad, alta vulnerabilidad"
MDA,Moldova,1358.364,1435.494,0.049,0.001,1.755,3034967,472.9850439889462,Europe,Europe & Central Asia,Moldavia,0.45043767587263,0.484409768344139,"Alta responsabilidad, alta vulnerabilidad"
MDG,Madagascar,112.654,5198.355,0.245,0.004,0.142,31964960,162.6266699535992,Africa,Sub-Saharan Africa,Madagascar,0.550272383098899,0.250154137600694,"Baja responsabilidad, alta vulnerabilidad"
MDV,Maldives,33.654,33.657,0.001,0,4.369,527801,63.768352087245006,Asia,South Asia,Maldivas,0.534238663759645,0.405342274213178,"Baja responsabilidad, alta vulnerabilidad"
MEX,Mexico,22015.852,36005.91,1.312,0.022,3.523,130861001,275.1462217532632,Americas,Latin America & Caribbean,México,0.412118258967016,0.363612303757963,"Alta responsabilidad, baja vulnerabilidad"
MKD,North Macedonia,538.001,945.819,0.028,0,3.631,1823011,518.8224316803354,Europe,Europe & Central Asia,Macedonia del Norte,0.409887518457299,0.458698282262994,"Alta responsabilidad, baja vulnerabilidad"
MLI,Mali,100.196,1729.983,0.101,0.002,0.285,24478597,70.67329063017786,Africa,Sub-Saharan Africa,Mali,0.584660315585995,0.266006590181237,"Baja responsabilidad, alta vulnerabilidad"
MLT,Malta,111.223,106.157,0.003,0,3.204,539612,196.72839002839078,Europe,"Middle East, North Africa, Afghanistan & Pakistan",Malta,0.351138702400051,0.487009962987085,"Baja responsabilidad, baja vulnerabilidad"
MMR,Myanmar,727.896,9119.754,0.654,0.011,0.58,54500086,167.33467172877488,Asia,East Asia & Pacific,Myanmar (Birmania),0.487602195757458,0.21737204341139,"Baja responsabilidad, alta vulnerabilidad"
MNE,Montenegro,122.14,220.352,0.01,0,3.722,638481,345.1191186581903,Europe,Europe & Central Asia,Montenegro,0.421169073444813,0.463177988606493,"Alta responsabilidad, baja vulnerabilidad"
MNG,Mongolia,861.452,2076.162,0.211,0.004,12.86,3475541,597.3636910052276,Asia,East Asia & Pacific,Mongolia,0.395970761446559,0.389510528940727,"Alta responsabilidad, baja vulnerabilidad"
MOZ,Mozambique,211.22,4654.248,0.154,0.003,0.249,34631767,134.3924495680512,Africa,Sub-Saharan Africa,Mozambique,0.511197695255677,0.23376538512221,"Baja responsabilidad, alta vulnerabilidad"
MRT,Mauritania,99.863,143.661,0.024,0,1.013,5169403,27.79063655899917,Africa,Sub-Saharan Africa,Mauritania,0.655125155055334,0.293189637635503,"Baja responsabilidad, alta vulnerabilidad"
MUS,Mauritius,133.211,136.504,0.006,0,3.677,1271171,107.38445102979851,Africa,Sub-Saharan Africa,Mauricio,0.454642684656149,0.478402209502456,"Baja responsabilidad, alta vulnerabilidad"
MWI,Malawi,57.557,1186.421,0.048,0.001,0.087,21655288,54.786664578185245,Africa,Sub-Saharan Africa,Malaui,0.566603043418741,0.281162631504783,"Baja responsabilidad, alta vulnerabilidad"
MYS,Malaysia,7042.41,20000.15,0.612,0.01,8.162,35557670,562.4707693164372,Asia,East Asia & Pacific,Malasia,0.365348909963364,0.464972902695939,"Alta responsabilidad, baja vulnerabilidad"
NAM,Namibia,87.2,219.85,0.029,0,1.145,3030127,72.55471470337712,Africa,Sub-Saharan Africa,Namibia,0.510721560030414,0.348105072997245,"Baja responsabilidad, alta vulnerabilidad"
NER,Niger,61.507,1336.058,0.112,0.002,0.117,27032417,49.42428936339655,Africa,Sub-Saharan Africa,Níger,0.586889314258958,0.295001703163958,"Baja responsabilidad, alta vulnerabilidad"
NGA,Nigeria,4710.83,15858.661,1.03,0.017,0.584,232679482,68.15668001186285,Africa,Sub-Saharan Africa,Nigeria,0.489551018255141,0.241642416149726,"Baja responsabilidad, alta vulnerabilidad"
NIC,Nicaragua,197.651,4525.616,0.159,0.003,0.814,6916136,654.3561318053896,Americas,Latin America & Caribbean,Nicaragua,0.422829301286107,0.305038191481593,"Alta responsabilidad, baja vulnerabilidad"
NLD,Netherlands,12261.704,13325.155,0.446,0.007,6.297,18228740,730.9970409364553,Europe,Europe & Central Asia,Países Bajos,0.371475012358381,0.659388675804721,"Alta responsabilidad, baja vulnerabilidad"
NOR,Norway,2787.295,3832.95,0.132,0.002,6.668,5576656,687.3205017487182,Europe,Europe & Central Asia,Noruega,0.263479129443056,0.700450602515794,"Alta responsabilidad, baja vulnerabilidad"
NPL,Nepal,232.096,1625.845,0.136,0.002,0.633,29651054,54.83262078980396,Asia,South Asia,Nepal,0.504183206999263,0.327038551963688,"Baja responsabilidad, alta vulnerabilidad"
NZL,New Zealand,2012.347,5134.638,0.293,0.005,6.229,5213942,984.7900110894981,Oceania,East Asia & Pacific,Nueva Zelanda,0.296718167249517,0.621658061214208,"Alta responsabilidad, baja vulnerabilidad"
OMN,Oman,1673.353,1678.531,0.117,0.002,15.651,5281542,317.81078329018305,Asia,"Middle East, North Africa, Afghanistan & Pakistan",Omán,0.450114443436123,0.436374336117385,"Alta responsabilidad, alta vulnerabilidad"
PAK,Pakistan,5739.839,7749.273,0.711,0.012,0.716,251269160,30.840525753339566,Asia,"Middle East, North Africa, Afghanistan & Pakistan",Pakistán,0.525114836028279,0.310461648334846,"Baja responsabilidad, alta vulnerabilidad"
PAN,Panama,360.476,2478.871,0.075,0.001,2.805,4515576,548.9600883696786,Americas,Latin America & Caribbean,Panamá,0.42805997376676,0.377756669359113,"Alta responsabilidad, baja vulnerabilidad"
PER,Peru,2161.823,7986.045,0.322,0.005,2.053,34217850,233.38827541765482,Americas,Latin America & Caribbean,Perú,0.417779188042438,0.383299086832527,"Baja responsabilidad, baja vulnerabilidad"
PHL,Philippines,3983.639,15282.421,0.679,0.011,1.51,115843663,131.92280530701106,Asia,East Asia & Pacific,Filipinas,0.430001326203024,0.372101331852532,"Baja responsabilidad, baja vulnerabilidad"
PNG,Papua New Guinea,209.709,1764.311,0.091,0.002,0.789,10576509,166.81411607554062,Oceania,East Asia & Pacific,Papúa Nueva Guinea,0.549283680495628,0.222562629745792,"Baja responsabilidad, alta vulnerabilidad"
POL,Poland,29043.918,29419.521,1.059,0.018,7.08,38539209,763.3659787879923,Europe,Europe & Central Asia,Polonia,0.314307112750078,0.570141265194007,"Alta responsabilidad, baja vulnerabilidad"
PRK,North Korea,5492.661,7021.745,0.237,0.004,2.36,26498832,264.98318869299595,Asia,East Asia & Pacific,Corea del Norte,0.512913737284308,0.379565173554497,"Alta responsabilidad, alta vulnerabilidad"
PRT,Portugal,2767.615,3196.389,0.121,0.002,3.409,10425291,306.5994992369997,Europe,Europe & Central Asia,Portugal,0.352331044146868,0.572031247034204,"Alta responsabilidad, baja vulnerabilidad"
PRY,Paraguay,208.53,4042.089,0.179,0.003,1.145,6929152,583.3454079229319,Americas,Latin America & Caribbean,Paraguay,0.379546029884011,0.336081414537743,"Alta responsabilidad, baja vulnerabilidad"
QAT,Qatar,2590.88,2592.199,0.127,0.002,41.271,3048429,850.3393059179007,Asia,"Middle East, North Africa, Afghanistan & Pakistan",Catar,0.418018229695923,0.46203962552638,"Alta responsabilidad, baja vulnerabilidad"
ROU,Romania,8861.765,11851.871,0.373,0.006,3.605,19015096,623.2874659165539,Europe,Europe & Central Asia,Rumanía,0.39820979866064,0.518046733586422,"Alta responsabilidad, baja vulnerabilidad"
RUS,Russia,122808.227,227020.625,7.027,0.118,12.295,144820421,1567.6009186577355,Europe,Europe & Central Asia,Rusia,0.3098257268424,0.436549420971712,"Alta responsabilidad, baja vulnerabilidad"
RWA,Rwanda,37.316,410.777,0.026,0,0.143,14256573,28.81316568855643,Africa,Sub-Saharan Africa,Ruanda,0.609511202843651,0.421658024353681,"Baja responsabilidad, alta vulnerabilidad"
SAU,Saudi Arabia,19020.34,19206.338,0.778,0.013,20.379,33962751,565.5118456099154,Asia,"Middle East, North Africa, Afghanistan & Pakistan",Arabia Saudí,0.471292133183345,0.493668839489803,"Alta responsabilidad, alta vulnerabilidad"
SDN,Sudan,517.017,2696.176,0.261,0.004,0.353,50448960,53.44363887778856,Africa,Sub-Saharan Africa,Sudán,0.629158346222797,0.194184515480098,"Baja responsabilidad, alta vulnerabilidad"
SEN,Senegal,300.599,764.943,0.056,0.001,0.762,18501988,41.34382748491676,Africa,Sub-Saharan Africa,Senegal,0.528878387104357,0.37557165592604,"Baja responsabilidad, alta vulnerabilidad"
SGP,Singapore,2247.705,2253.547,0.078,0.001,9.245,5832387,386.3850255478589,Asia,East Asia & Pacific,Singapur,0.379490531900278,0.749471845958623,"Alta responsabilidad, baja vulnerabilidad"
SLB,Solomon Islands,11.61,208.666,0.004,0,0.36,819206,254.7173726754931,Oceania,East Asia & Pacific,Islas Salomón,0.62242457189267,0.382470751481741,"Baja responsabilidad, alta vulnerabilidad"
SLE,Sierra Leone,42.62,1332.727,0.065,0.001,0.166,8642029,154.21459474389636,Africa,Sub-Saharan Africa,Sierra Leona,0.601974331532953,0.265715553437922,"Baja responsabilidad, alta vulnerabilidad"
SLV,El Salvador,264.574,861.456,0.04,0.001,1.416,6338197,135.91499285995687,Americas,Latin America & Caribbean,El Salvador,0.45173058771027,0.327831152276493,"Baja responsabilidad, alta vulnerabilidad"
SOM,Somalia,41.932,1126.775,0.092,0.002,0.069,19009155,59.275385991644555,Africa,Sub-Saharan Africa,Somalia,0.638285337505113,0.178195973899707,"Baja responsabilidad, alta vulnerabilidad"
SRB,Serbia,2924.891,3374.983,0.127,0.002,6.238,6736217,501.02052828761305,Europe,Europe & Central Asia,Serbia,0.469822390844807,0.479200633391456,"Alta responsabilidad, alta vulnerabilidad"
SUR,Suriname,128.76,259.324,0.011,0,4.709,634438,408.7460082781927,Americas,Latin America & Caribbean,Surinam,0.441658609170938,0.37008197956357,"Alta responsabilidad, baja vulnerabilidad"
SVK,Slovakia,4028.322,4528.094,0.147,0.002,5.283,5506759,822.2793116604522,Europe,Europe & Central Asia,Eslovaquia,0.366808796798146,0.532769452113835,"Alta responsabilidad, baja vulnerabilidad"
SVN,Slovenia,911.402,1215.837,0.044,0.001,6.018,2118692,573.8620809442807,Europe,Europe & Central Asia,Eslovenia,0.344064686795972,0.607181502140734,"Alta responsabilidad, baja vulnerabilidad"
SWE,Sweden,5134.554,7555.962,0.244,0.004,3.592,10606993,712.3566499949609,Europe,Europe & Central Asia,Suecia,0.323148191850965,0.681406434070363,"Alta responsabilidad, baja vulnerabilidad"
SWZ,Eswatini,44.612,189.937,0.008,0,0.841,1242829,152.82633411354257,Africa,Sub-Saharan Africa,Esuatini,0.482046438211589,0.301038447981803,"Baja responsabilidad, alta vulnerabilidad"
SYC,Seychelles,16.113,16.113,0.001,0,5.003,130436,123.53184703609433,Africa,Sub-Saharan Africa,Seychelles,0.427958230503949,0.401503869556773,"Baja responsabilidad, baja vulnerabilidad"
SYR,Syria,2055.815,2480.463,0.103,0.002,1.288,24672758,100.53448422750306,Asia,"Middle East, North Africa, Afghanistan & Pakistan",Siria,0.520747317617057,0.280903243327103,"Baja responsabilidad, alta vulnerabilidad"
TCD,Chad,51.343,804.152,0.174,0.003,0.139,20299131,39.615094853075234,Africa,Sub-Saharan Africa,Chad,0.637829601475467,0.166137950341569,"Baja responsabilidad, alta vulnerabilidad"
TGO,Togo,76.631,697.511,0.035,0.001,0.328,8406554,82.972285671394,Africa,Sub-Saharan Africa,Togo,0.508814332883552,0.353562352122858,"Baja responsabilidad, alta vulnerabilidad"
THA,Thailand,8308.318,25176.127,0.93,0.016,3.736,71668010,351.2882107372592,Asia,East Asia & Pacific,Tailandia,0.443413767667469,0.350774699521965,"Alta responsabilidad, baja vulnerabilidad"
TJK,Tajikistan,517.798,640.888,0.04,0.001,1.014,10590930,60.51291057536968,Asia,Europe & Central Asia,Tayikistán,0.367038597338355,0.315609639016942,"Baja responsabilidad, baja vulnerabilidad"
TKM,Turkmenistan,2741.633,2923.369,0.176,0.003,10.809,7494494,390.06889591211893,Asia,Europe & Central Asia,Turkmenistán,0.447624356197373,0.235173798669,"Alta responsabilidad, alta vulnerabilidad"
TLS,East Timor,12.137,121.303,0.012,0,0.477,1400638,86.60553262156246,Asia,East Asia & Pacific,Timor-Leste,0.545449817565224,0.286198038054137,"Baja responsabilidad, alta vulnerabilidad"
TON,Tonga,4.922,7.769,0.001,0,1.464,104192,74.56426597051598,Oceania,East Asia & Pacific,Tonga,0.594873276299833,0.353345544228539,"Baja responsabilidad, alta vulnerabilidad"
TTO,Trinidad and Tobago,1710.969,1696.766,0.066,0.001,22.932,1507778,1125.3420596400797,Americas,Latin America & Caribbean,Trinidad y Tobago,0.386030305300588,0.32744199473545,"Alta responsabilidad, baja vulnerabilidad"
TUN,Tunisia,1066.189,1438.67,0.065,0.001,2.661,12277103,117.1831823843133,Africa,"Middle East, North Africa, Afghanistan & Pakistan",Túnez,0.440625999654821,0.340483234198013,"Baja responsabilidad, baja vulnerabilidad"
TUR,Turkey,12887.552,19524.531,0.702,0.012,5.865,87473800,223.20433089679423,Asia,Europe & Central Asia,Turquía,0.39576210822062,0.471959733205169,"Baja responsabilidad, baja vulnerabilidad"
TZA,Tanzania,344.851,7593.55,0.325,0.005,0.292,68560162,110.7574687469379,Africa,Sub-Saharan Africa,Tanzania,0.50548838457689,0.33630020822472,"Baja responsabilidad, alta vulnerabilidad"
UGA,Uganda,131.384,2339.345,0.146,0.002,0.127,50015091,46.77278303862328,Africa,Sub-Saharan Africa,Uganda,0.536277668889937,0.25509320486508,"Baja responsabilidad, alta vulnerabilidad"
UKR,Ukraine,31236.496,44320.211,1.359,0.023,3.764,37860221,1170.62737166801,Europe,Europe & Central Asia,Ucrania,0.384692832175473,0.455330649320028,"Alta responsabilidad, baja vulnerabilidad"
URY,Uruguay,476.757,1032.709,0.137,0.002,2.354,3386583,304.9412933331326,Americas,Latin America & Caribbean,Uruguay,0.394090646693043,0.487580642876365,"Alta responsabilidad, baja vulnerabilidad"
USA,United States,434866.562,560542,17.651,0.296,14.197,345426566,1622.7530108381993,Americas,North America,EE. UU.,0.316878152294868,0.63182182794691,"Alta responsabilidad, baja vulnerabilidad"
UZB,Uzbekistan,6750.655,7137.678,0.356,0.006,3.829,36361859,196.29573944500473,Asia,Europe & Central Asia,Uzbekistán,0.392824302560207,0.442240630672812,"Baja responsabilidad, baja vulnerabilidad"
VEN,Venezuela,7886.474,13404.176,0.597,0.01,4.085,28405544,471.88591072221675,Americas,Latin America & Caribbean,Venezuela,0.386097378830989,0.232023543075541,"Alta responsabilidad, baja vulnerabilidad"
VNM,Vietnam,5668.876,14823.627,0.684,0.011,3.673,100987685,146.7864819358915,Asia,East Asia & Pacific,Vietnam,0.498956687021145,0.416940492457566,"Baja responsabilidad, alta vulnerabilidad"
VUT,Vanuatu,5.547,90.284,0.004,0,0.601,327786,275.43580262732394,Oceania,East Asia & Pacific,Vanuatu,0.546767558936559,0.300711442122575,"Alta responsabilidad, alta vulnerabilidad"
WSM,Samoa,7.77,14.554,0.001,0,1.126,218031,66.75197563649206,Oceania,East Asia & Pacific,Samoa,0.537949032096937,0.339940198939114,"Baja responsabilidad, alta vulnerabilidad"
YEM,Yemen,708.031,744.745,0.062,0.001,0.249,40583173,18.35107866011364,Asia,"Middle East, North Africa, Afghanistan & Pakistan",Yemen,0.629403026758848,0.256055770638161,"Baja responsabilidad, alta vulnerabilidad"
ZAF,South Africa,22826.967,29695.523,0.993,0.017,6.872,64007187,463.94044781252455,Africa,Sub-Saharan Africa,Sudáfrica,0.436239815065598,0.3155681163869,"Alta responsabilidad, baja vulnerabilidad"
ZMB,Zambia,300.839,5011.35,0.201,0.003,0.565,21314962,235.1094972630024,Africa,Sub-Saharan Africa,Zambia,0.492172412803817,0.274176097568187,"Baja responsabilidad, alta vulnerabilidad"
ZWE,Zimbabwe,832.914,2934.448,0.102,0.002,0.824,16634366,176.4087672472759,Africa,Sub-Saharan Africa,Zimbabue,0.511050170650953,0.219534781281216,"Baja responsabilidad, alta vulnerabilidad"
