iso3c,pais,resolucion,"Consecuencias humanitarias
de la agresión contra Ucrania","Asentamientos israelíes en el
Territorio Palestino Ocupado","Fin del embargo de EE. UU.
contra Cuba",El Golán sirio ocupado
AFG,Afghanistan,ucrania,Sí,NA,NA,NA
ALB,Albania,ucrania,Sí,NA,NA,NA
DZA,Algeria,ucrania,Abstención,NA,NA,NA
AND,Andorra,ucrania,Sí,NA,NA,NA
AGO,Angola,ucrania,Abstención,NA,NA,NA
ATG,Antigua and Barbuda,ucrania,Sí,NA,NA,NA
ARG,Argentina,ucrania,Sí,NA,NA,NA
ARM,Armenia,ucrania,Abstención,NA,NA,NA
AUS,Australia,ucrania,Sí,NA,NA,NA
AUT,Austria,ucrania,Sí,NA,NA,NA
AZE,Azerbaijan,ucrania,Sí,NA,NA,NA
BHS,"Bahamas, The",ucrania,Sí,NA,NA,NA
BHR,Bahrain,ucrania,Sí,NA,NA,NA
BGD,Bangladesh,ucrania,Sí,NA,NA,NA
BRB,Barbados,ucrania,Sí,NA,NA,NA
BLR,Belarus,ucrania,No,NA,NA,NA
BEL,Belgium,ucrania,Sí,NA,NA,NA
BLZ,Belize,ucrania,Sí,NA,NA,NA
BEN,Benin,ucrania,Sí,NA,NA,NA
BTN,Bhutan,ucrania,Sí,NA,NA,NA
BOL,Bolivia,ucrania,Abstención,NA,NA,NA
BIH,Bosnia and Herzegovina,ucrania,Sí,NA,NA,NA
BWA,Botswana,ucrania,Abstención,NA,NA,NA
BRA,Brazil,ucrania,Sí,NA,NA,NA
BRN,Brunei Darussalam,ucrania,Abstención,NA,NA,NA
BGR,Bulgaria,ucrania,Sí,NA,NA,NA
BFA,Burkina Faso,ucrania,Sí,NA,NA,NA
BDI,Burundi,ucrania,Abstención,NA,NA,NA
CPV,Cabo Verde,ucrania,Sí,NA,NA,NA
KHM,Cambodia,ucrania,Sí,NA,NA,NA
CMR,Cameroon,ucrania,Sí,NA,NA,NA
CAN,Canada,ucrania,Sí,NA,NA,NA
CAF,Central African Republic,ucrania,Abstención,NA,NA,NA
TCD,Chad,ucrania,Sí,NA,NA,NA
CHL,Chile,ucrania,Sí,NA,NA,NA
CHN,China,ucrania,Abstención,NA,NA,NA
COL,Colombia,ucrania,Sí,NA,NA,NA
COM,Comoros,ucrania,Sí,NA,NA,NA
COG,"Congo, Rep.",ucrania,Abstención,NA,NA,NA
CRI,Costa Rica,ucrania,Sí,NA,NA,NA
CIV,Cote d'Ivoire,ucrania,Sí,NA,NA,NA
HRV,Croatia,ucrania,Sí,NA,NA,NA
CUB,Cuba,ucrania,Abstención,NA,NA,NA
CYP,Cyprus,ucrania,Sí,NA,NA,NA
CZE,Czechia,ucrania,Sí,NA,NA,NA
PRK,"Korea, Dem. People's Rep.",ucrania,No,NA,NA,NA
COD,"Congo, Dem. Rep.",ucrania,Sí,NA,NA,NA
DNK,Denmark,ucrania,Sí,NA,NA,NA
DJI,Djibouti,ucrania,Sí,NA,NA,NA
DMA,Dominica,ucrania,Sí,NA,NA,NA
DOM,Dominican Republic,ucrania,Sí,NA,NA,NA
ECU,Ecuador,ucrania,Sí,NA,NA,NA
EGY,"Egypt, Arab Rep.",ucrania,Sí,NA,NA,NA
SLV,El Salvador,ucrania,Abstención,NA,NA,NA
GNQ,Equatorial Guinea,ucrania,Abstención,NA,NA,NA
ERI,Eritrea,ucrania,No,NA,NA,NA
EST,Estonia,ucrania,Sí,NA,NA,NA
SWZ,Eswatini,ucrania,Abstención,NA,NA,NA
ETH,Ethiopia,ucrania,Abstención,NA,NA,NA
FJI,Fiji,ucrania,Sí,NA,NA,NA
FIN,Finland,ucrania,Sí,NA,NA,NA
FRA,France,ucrania,Sí,NA,NA,NA
GAB,Gabon,ucrania,Sí,NA,NA,NA
GMB,"Gambia, The",ucrania,Sí,NA,NA,NA
GEO,Georgia,ucrania,Sí,NA,NA,NA
DEU,Germany,ucrania,Sí,NA,NA,NA
GHA,Ghana,ucrania,Sí,NA,NA,NA
GRC,Greece,ucrania,Sí,NA,NA,NA
GRD,Grenada,ucrania,Sí,NA,NA,NA
GTM,Guatemala,ucrania,Sí,NA,NA,NA
GIN,Guinea,ucrania,Sí,NA,NA,NA
GNB,Guinea-Bissau,ucrania,Abstención,NA,NA,NA
GUY,Guyana,ucrania,Sí,NA,NA,NA
HTI,Haiti,ucrania,Sí,NA,NA,NA
HND,Honduras,ucrania,Sí,NA,NA,NA
HUN,Hungary,ucrania,Sí,NA,NA,NA
ISL,Iceland,ucrania,Sí,NA,NA,NA
IND,India,ucrania,Abstención,NA,NA,NA
IDN,Indonesia,ucrania,Sí,NA,NA,NA
IRN,"Iran, Islamic Rep.",ucrania,Abstención,NA,NA,NA
IRQ,Iraq,ucrania,Sí,NA,NA,NA
IRL,Ireland,ucrania,Sí,NA,NA,NA
ISR,Israel,ucrania,Sí,NA,NA,NA
ITA,Italy,ucrania,Sí,NA,NA,NA
JAM,Jamaica,ucrania,Sí,NA,NA,NA
JPN,Japan,ucrania,Sí,NA,NA,NA
JOR,Jordan,ucrania,Sí,NA,NA,NA
KAZ,Kazakhstan,ucrania,Abstención,NA,NA,NA
KEN,Kenya,ucrania,Sí,NA,NA,NA
KIR,Kiribati,ucrania,Sí,NA,NA,NA
KWT,Kuwait,ucrania,Sí,NA,NA,NA
KGZ,Kyrgyz Republic,ucrania,Abstención,NA,NA,NA
LAO,Lao PDR,ucrania,Abstención,NA,NA,NA
LVA,Latvia,ucrania,Sí,NA,NA,NA
LBN,Lebanon,ucrania,Sí,NA,NA,NA
LSO,Lesotho,ucrania,Sí,NA,NA,NA
LBR,Liberia,ucrania,Sí,NA,NA,NA
LBY,Libya,ucrania,Sí,NA,NA,NA
LIE,Liechtenstein,ucrania,Sí,NA,NA,NA
LTU,Lithuania,ucrania,Sí,NA,NA,NA
LUX,Luxembourg,ucrania,Sí,NA,NA,NA
MDG,Madagascar,ucrania,Abstención,NA,NA,NA
MWI,Malawi,ucrania,Sí,NA,NA,NA
MYS,Malaysia,ucrania,Sí,NA,NA,NA
MDV,Maldives,ucrania,Sí,NA,NA,NA
MLI,Mali,ucrania,Abstención,NA,NA,NA
MLT,Malta,ucrania,Sí,NA,NA,NA
MHL,Marshall Islands,ucrania,Sí,NA,NA,NA
MRT,Mauritania,ucrania,Sí,NA,NA,NA
MUS,Mauritius,ucrania,Sí,NA,NA,NA
MEX,Mexico,ucrania,Sí,NA,NA,NA
FSM,"Micronesia, Fed. Sts.",ucrania,Sí,NA,NA,NA
MDA,Moldova,ucrania,Sí,NA,NA,NA
MCO,Monaco,ucrania,Sí,NA,NA,NA
MNG,Mongolia,ucrania,Abstención,NA,NA,NA
MNE,Montenegro,ucrania,Sí,NA,NA,NA
MAR,Morocco,ucrania,Sí,NA,NA,NA
MOZ,Mozambique,ucrania,Abstención,NA,NA,NA
MMR,Myanmar,ucrania,Sí,NA,NA,NA
NAM,Namibia,ucrania,Abstención,NA,NA,NA
NRU,Naoero,ucrania,Sí,NA,NA,NA
NPL,Nepal,ucrania,Sí,NA,NA,NA
NLD,Netherlands,ucrania,Sí,NA,NA,NA
NZL,New Zealand,ucrania,Sí,NA,NA,NA
NIC,Nicaragua,ucrania,Abstención,NA,NA,NA
NER,Niger,ucrania,Sí,NA,NA,NA
NGA,Nigeria,ucrania,Sí,NA,NA,NA
MKD,North Macedonia,ucrania,Sí,NA,NA,NA
NOR,Norway,ucrania,Sí,NA,NA,NA
OMN,Oman,ucrania,Sí,NA,NA,NA
PAK,Pakistan,ucrania,Abstención,NA,NA,NA
PLW,Palau,ucrania,Sí,NA,NA,NA
PAN,Panama,ucrania,Sí,NA,NA,NA
PNG,Papua New Guinea,ucrania,Sí,NA,NA,NA
PRY,Paraguay,ucrania,Sí,NA,NA,NA
PER,Peru,ucrania,Sí,NA,NA,NA
PHL,Philippines,ucrania,Sí,NA,NA,NA
POL,Poland,ucrania,Sí,NA,NA,NA
PRT,Portugal,ucrania,Sí,NA,NA,NA
QAT,Qatar,ucrania,Sí,NA,NA,NA
KOR,"Korea, Rep.",ucrania,Sí,NA,NA,NA
ROU,Romania,ucrania,Sí,NA,NA,NA
RUS,Russian Federation,ucrania,No,NA,NA,NA
RWA,Rwanda,ucrania,Sí,NA,NA,NA
KNA,St. Kitts and Nevis,ucrania,Sí,NA,NA,NA
LCA,St. Lucia,ucrania,Sí,NA,NA,NA
VCT,St. Vincent and the Grenadines,ucrania,Sí,NA,NA,NA
WSM,Samoa,ucrania,Sí,NA,NA,NA
SMR,San Marino,ucrania,Sí,NA,NA,NA
STP,Sao Tome and Principe,ucrania,Sí,NA,NA,NA
SAU,Saudi Arabia,ucrania,Sí,NA,NA,NA
SEN,Senegal,ucrania,Sí,NA,NA,NA
SRB,Serbia,ucrania,Sí,NA,NA,NA
SYC,Seychelles,ucrania,Sí,NA,NA,NA
SLE,Sierra Leone,ucrania,Sí,NA,NA,NA
SGP,Singapore,ucrania,Sí,NA,NA,NA
SVK,Slovak Republic,ucrania,Sí,NA,NA,NA
SVN,Slovenia,ucrania,Sí,NA,NA,NA
SLB,Solomon Islands,ucrania,Sí,NA,NA,NA
SOM,"Somalia, Fed. Rep.",ucrania,Sí,NA,NA,NA
ZAF,South Africa,ucrania,Abstención,NA,NA,NA
SSD,South Sudan,ucrania,Sí,NA,NA,NA
ESP,Spain,ucrania,Sí,NA,NA,NA
LKA,Sri Lanka,ucrania,Abstención,NA,NA,NA
SDN,Sudan,ucrania,Abstención,NA,NA,NA
SUR,Suriname,ucrania,Sí,NA,NA,NA
SWE,Sweden,ucrania,Sí,NA,NA,NA
CHE,Switzerland,ucrania,Sí,NA,NA,NA
SYR,Syrian Arab Republic,ucrania,No,NA,NA,NA
TJK,Tajikistan,ucrania,Abstención,NA,NA,NA
TZA,Tanzania,ucrania,Abstención,NA,NA,NA
THA,Thailand,ucrania,Sí,NA,NA,NA
TLS,Timor-Leste,ucrania,Sí,NA,NA,NA
TGO,Togo,ucrania,Abstención,NA,NA,NA
TON,Tonga,ucrania,Sí,NA,NA,NA
TTO,Trinidad and Tobago,ucrania,Sí,NA,NA,NA
TUN,Tunisia,ucrania,Sí,NA,NA,NA
TUR,Turkiye,ucrania,Sí,NA,NA,NA
TKM,Turkmenistan,ucrania,Sí,NA,NA,NA
TUV,Tuvalu,ucrania,Sí,NA,NA,NA
UGA,Uganda,ucrania,Abstención,NA,NA,NA
UKR,Ukraine,ucrania,Sí,NA,NA,NA
ARE,United Arab Emirates,ucrania,Sí,NA,NA,NA
GBR,United Kingdom,ucrania,Sí,NA,NA,NA
USA,United States,ucrania,Sí,NA,NA,NA
URY,Uruguay,ucrania,Sí,NA,NA,NA
UZB,Uzbekistan,ucrania,Abstención,NA,NA,NA
VUT,Vanuatu,ucrania,Sí,NA,NA,NA
VEN,"Venezuela, RB",ucrania,Sí,NA,NA,NA
VNM,Viet Nam,ucrania,Abstención,NA,NA,NA
YEM,"Yemen, Rep.",ucrania,Sí,NA,NA,NA
ZMB,Zambia,ucrania,Sí,NA,NA,NA
ZWE,Zimbabwe,ucrania,Abstención,NA,NA,NA
AFG,Afghanistan,asentamientos,NA,Sí,NA,NA
ALB,Albania,asentamientos,NA,Sí,NA,NA
DZA,Algeria,asentamientos,NA,Sí,NA,NA
AND,Andorra,asentamientos,NA,Sí,NA,NA
AGO,Angola,asentamientos,NA,Sí,NA,NA
ATG,Antigua and Barbuda,asentamientos,NA,Sí,NA,NA
ARG,Argentina,asentamientos,NA,No,NA,NA
ARM,Armenia,asentamientos,NA,Sí,NA,NA
AUS,Australia,asentamientos,NA,Sí,NA,NA
AUT,Austria,asentamientos,NA,Sí,NA,NA
AZE,Azerbaijan,asentamientos,NA,Sí,NA,NA
BHS,"Bahamas, The",asentamientos,NA,Sí,NA,NA
BHR,Bahrain,asentamientos,NA,Sí,NA,NA
BGD,Bangladesh,asentamientos,NA,Sí,NA,NA
BRB,Barbados,asentamientos,NA,Sí,NA,NA
BLR,Belarus,asentamientos,NA,Sí,NA,NA
BEL,Belgium,asentamientos,NA,Sí,NA,NA
BLZ,Belize,asentamientos,NA,Sí,NA,NA
BEN,Benin,asentamientos,NA,Sí,NA,NA
BTN,Bhutan,asentamientos,NA,Sí,NA,NA
BOL,Bolivia,asentamientos,NA,Sí,NA,NA
BIH,Bosnia and Herzegovina,asentamientos,NA,Sí,NA,NA
BWA,Botswana,asentamientos,NA,Sí,NA,NA
BRA,Brazil,asentamientos,NA,Sí,NA,NA
BRN,Brunei Darussalam,asentamientos,NA,Sí,NA,NA
BGR,Bulgaria,asentamientos,NA,Sí,NA,NA
BFA,Burkina Faso,asentamientos,NA,Sí,NA,NA
BDI,Burundi,asentamientos,NA,Sí,NA,NA
CPV,Cabo Verde,asentamientos,NA,Sí,NA,NA
KHM,Cambodia,asentamientos,NA,Sí,NA,NA
CMR,Cameroon,asentamientos,NA,Abstención,NA,NA
CAN,Canada,asentamientos,NA,Sí,NA,NA
CAF,Central African Republic,asentamientos,NA,Abstención,NA,NA
TCD,Chad,asentamientos,NA,Sí,NA,NA
CHL,Chile,asentamientos,NA,Sí,NA,NA
CHN,China,asentamientos,NA,Sí,NA,NA
COL,Colombia,asentamientos,NA,Sí,NA,NA
COM,Comoros,asentamientos,NA,Sí,NA,NA
COG,"Congo, Rep.",asentamientos,NA,Sí,NA,NA
CRI,Costa Rica,asentamientos,NA,Sí,NA,NA
CIV,Cote d'Ivoire,asentamientos,NA,Abstención,NA,NA
HRV,Croatia,asentamientos,NA,Sí,NA,NA
CUB,Cuba,asentamientos,NA,Sí,NA,NA
CYP,Cyprus,asentamientos,NA,Sí,NA,NA
CZE,Czechia,asentamientos,NA,Sí,NA,NA
PRK,"Korea, Dem. People's Rep.",asentamientos,NA,Sí,NA,NA
COD,"Congo, Dem. Rep.",asentamientos,NA,Sí,NA,NA
DNK,Denmark,asentamientos,NA,Sí,NA,NA
DJI,Djibouti,asentamientos,NA,Sí,NA,NA
DMA,Dominica,asentamientos,NA,Sí,NA,NA
DOM,Dominican Republic,asentamientos,NA,Sí,NA,NA
ECU,Ecuador,asentamientos,NA,Abstención,NA,NA
EGY,"Egypt, Arab Rep.",asentamientos,NA,Sí,NA,NA
SLV,El Salvador,asentamientos,NA,Sí,NA,NA
GNQ,Equatorial Guinea,asentamientos,NA,Sí,NA,NA
ERI,Eritrea,asentamientos,NA,Sí,NA,NA
EST,Estonia,asentamientos,NA,Sí,NA,NA
SWZ,Eswatini,asentamientos,NA,Sí,NA,NA
ETH,Ethiopia,asentamientos,NA,Sí,NA,NA
FJI,Fiji,asentamientos,NA,No,NA,NA
FIN,Finland,asentamientos,NA,Sí,NA,NA
FRA,France,asentamientos,NA,Sí,NA,NA
GAB,Gabon,asentamientos,NA,Sí,NA,NA
GMB,"Gambia, The",asentamientos,NA,Sí,NA,NA
GEO,Georgia,asentamientos,NA,Abstención,NA,NA
DEU,Germany,asentamientos,NA,Sí,NA,NA
GHA,Ghana,asentamientos,NA,Sí,NA,NA
GRC,Greece,asentamientos,NA,Sí,NA,NA
GRD,Grenada,asentamientos,NA,Sí,NA,NA
GTM,Guatemala,asentamientos,NA,Abstención,NA,NA
GIN,Guinea,asentamientos,NA,Sí,NA,NA
GNB,Guinea-Bissau,asentamientos,NA,Sí,NA,NA
GUY,Guyana,asentamientos,NA,Sí,NA,NA
HTI,Haiti,asentamientos,NA,Abstención,NA,NA
HND,Honduras,asentamientos,NA,Sí,NA,NA
HUN,Hungary,asentamientos,NA,No,NA,NA
ISL,Iceland,asentamientos,NA,Sí,NA,NA
IND,India,asentamientos,NA,Sí,NA,NA
IDN,Indonesia,asentamientos,NA,Sí,NA,NA
IRN,"Iran, Islamic Rep.",asentamientos,NA,Sí,NA,NA
IRQ,Iraq,asentamientos,NA,Sí,NA,NA
IRL,Ireland,asentamientos,NA,Sí,NA,NA
ISR,Israel,asentamientos,NA,No,NA,NA
ITA,Italy,asentamientos,NA,Sí,NA,NA
JAM,Jamaica,asentamientos,NA,Sí,NA,NA
JPN,Japan,asentamientos,NA,Sí,NA,NA
JOR,Jordan,asentamientos,NA,Sí,NA,NA
KAZ,Kazakhstan,asentamientos,NA,Sí,NA,NA
KEN,Kenya,asentamientos,NA,Sí,NA,NA
KIR,Kiribati,asentamientos,NA,Abstención,NA,NA
KWT,Kuwait,asentamientos,NA,Sí,NA,NA
KGZ,Kyrgyz Republic,asentamientos,NA,Sí,NA,NA
LAO,Lao PDR,asentamientos,NA,Sí,NA,NA
LVA,Latvia,asentamientos,NA,Sí,NA,NA
LBN,Lebanon,asentamientos,NA,Sí,NA,NA
LSO,Lesotho,asentamientos,NA,Sí,NA,NA
LBR,Liberia,asentamientos,NA,Abstención,NA,NA
LBY,Libya,asentamientos,NA,Sí,NA,NA
LIE,Liechtenstein,asentamientos,NA,Sí,NA,NA
LTU,Lithuania,asentamientos,NA,Sí,NA,NA
LUX,Luxembourg,asentamientos,NA,Sí,NA,NA
MDG,Madagascar,asentamientos,NA,Abstención,NA,NA
MWI,Malawi,asentamientos,NA,Abstención,NA,NA
MYS,Malaysia,asentamientos,NA,Sí,NA,NA
MDV,Maldives,asentamientos,NA,Sí,NA,NA
MLI,Mali,asentamientos,NA,Sí,NA,NA
MLT,Malta,asentamientos,NA,Sí,NA,NA
MHL,Marshall Islands,asentamientos,NA,Sí,NA,NA
MRT,Mauritania,asentamientos,NA,Sí,NA,NA
MUS,Mauritius,asentamientos,NA,Sí,NA,NA
MEX,Mexico,asentamientos,NA,Sí,NA,NA
FSM,"Micronesia, Fed. Sts.",asentamientos,NA,No,NA,NA
MDA,Moldova,asentamientos,NA,Sí,NA,NA
MCO,Monaco,asentamientos,NA,Sí,NA,NA
MNG,Mongolia,asentamientos,NA,Sí,NA,NA
MNE,Montenegro,asentamientos,NA,Sí,NA,NA
MAR,Morocco,asentamientos,NA,Sí,NA,NA
MOZ,Mozambique,asentamientos,NA,Sí,NA,NA
MMR,Myanmar,asentamientos,NA,Sí,NA,NA
NAM,Namibia,asentamientos,NA,Sí,NA,NA
NRU,Naoero,asentamientos,NA,No,NA,NA
NPL,Nepal,asentamientos,NA,Sí,NA,NA
NLD,Netherlands,asentamientos,NA,Sí,NA,NA
NZL,New Zealand,asentamientos,NA,Sí,NA,NA
NIC,Nicaragua,asentamientos,NA,Sí,NA,NA
NER,Niger,asentamientos,NA,Sí,NA,NA
NGA,Nigeria,asentamientos,NA,Sí,NA,NA
MKD,North Macedonia,asentamientos,NA,Sí,NA,NA
NOR,Norway,asentamientos,NA,Sí,NA,NA
OMN,Oman,asentamientos,NA,Sí,NA,NA
PAK,Pakistan,asentamientos,NA,Sí,NA,NA
PLW,Palau,asentamientos,NA,Abstención,NA,NA
PAN,Panama,asentamientos,NA,Abstención,NA,NA
PNG,Papua New Guinea,asentamientos,NA,No,NA,NA
PRY,Paraguay,asentamientos,NA,Abstención,NA,NA
PER,Peru,asentamientos,NA,Sí,NA,NA
PHL,Philippines,asentamientos,NA,Sí,NA,NA
POL,Poland,asentamientos,NA,Sí,NA,NA
PRT,Portugal,asentamientos,NA,Sí,NA,NA
QAT,Qatar,asentamientos,NA,Sí,NA,NA
KOR,"Korea, Rep.",asentamientos,NA,Sí,NA,NA
ROU,Romania,asentamientos,NA,Sí,NA,NA
RUS,Russian Federation,asentamientos,NA,Sí,NA,NA
RWA,Rwanda,asentamientos,NA,Abstención,NA,NA
KNA,St. Kitts and Nevis,asentamientos,NA,Sí,NA,NA
LCA,St. Lucia,asentamientos,NA,Sí,NA,NA
VCT,St. Vincent and the Grenadines,asentamientos,NA,Sí,NA,NA
WSM,Samoa,asentamientos,NA,Sí,NA,NA
SMR,San Marino,asentamientos,NA,Sí,NA,NA
STP,Sao Tome and Principe,asentamientos,NA,Sí,NA,NA
SAU,Saudi Arabia,asentamientos,NA,Sí,NA,NA
SEN,Senegal,asentamientos,NA,Sí,NA,NA
SRB,Serbia,asentamientos,NA,Sí,NA,NA
SYC,Seychelles,asentamientos,NA,Sí,NA,NA
SLE,Sierra Leone,asentamientos,NA,Sí,NA,NA
SGP,Singapore,asentamientos,NA,Sí,NA,NA
SVK,Slovak Republic,asentamientos,NA,Sí,NA,NA
SVN,Slovenia,asentamientos,NA,Sí,NA,NA
SLB,Solomon Islands,asentamientos,NA,Sí,NA,NA
SOM,"Somalia, Fed. Rep.",asentamientos,NA,Sí,NA,NA
ZAF,South Africa,asentamientos,NA,Sí,NA,NA
SSD,South Sudan,asentamientos,NA,Sí,NA,NA
ESP,Spain,asentamientos,NA,Sí,NA,NA
LKA,Sri Lanka,asentamientos,NA,Sí,NA,NA
SDN,Sudan,asentamientos,NA,Sí,NA,NA
SUR,Suriname,asentamientos,NA,Sí,NA,NA
SWE,Sweden,asentamientos,NA,Sí,NA,NA
CHE,Switzerland,asentamientos,NA,Sí,NA,NA
SYR,Syrian Arab Republic,asentamientos,NA,Sí,NA,NA
TJK,Tajikistan,asentamientos,NA,Sí,NA,NA
TZA,Tanzania,asentamientos,NA,Sí,NA,NA
THA,Thailand,asentamientos,NA,Sí,NA,NA
TLS,Timor-Leste,asentamientos,NA,Sí,NA,NA
TGO,Togo,asentamientos,NA,Abstención,NA,NA
TON,Tonga,asentamientos,NA,No,NA,NA
TTO,Trinidad and Tobago,asentamientos,NA,Sí,NA,NA
TUN,Tunisia,asentamientos,NA,Sí,NA,NA
TUR,Turkiye,asentamientos,NA,Sí,NA,NA
TKM,Turkmenistan,asentamientos,NA,Sí,NA,NA
TUV,Tuvalu,asentamientos,NA,Abstención,NA,NA
UGA,Uganda,asentamientos,NA,Sí,NA,NA
UKR,Ukraine,asentamientos,NA,Sí,NA,NA
ARE,United Arab Emirates,asentamientos,NA,Sí,NA,NA
GBR,United Kingdom,asentamientos,NA,Sí,NA,NA
USA,United States,asentamientos,NA,No,NA,NA
URY,Uruguay,asentamientos,NA,Abstención,NA,NA
UZB,Uzbekistan,asentamientos,NA,Sí,NA,NA
VUT,Vanuatu,asentamientos,NA,Sí,NA,NA
VEN,"Venezuela, RB",asentamientos,NA,Sí,NA,NA
VNM,Viet Nam,asentamientos,NA,Sí,NA,NA
YEM,"Yemen, Rep.",asentamientos,NA,Sí,NA,NA
ZMB,Zambia,asentamientos,NA,Sí,NA,NA
ZWE,Zimbabwe,asentamientos,NA,Sí,NA,NA
AFG,Afghanistan,cuba,NA,NA,Sí,NA
ALB,Albania,cuba,NA,NA,Sí,NA
DZA,Algeria,cuba,NA,NA,Sí,NA
AND,Andorra,cuba,NA,NA,Sí,NA
AGO,Angola,cuba,NA,NA,Sí,NA
ATG,Antigua and Barbuda,cuba,NA,NA,Sí,NA
ARG,Argentina,cuba,NA,NA,Sí,NA
ARM,Armenia,cuba,NA,NA,Sí,NA
AUS,Australia,cuba,NA,NA,Sí,NA
AUT,Austria,cuba,NA,NA,Sí,NA
AZE,Azerbaijan,cuba,NA,NA,Sí,NA
BHS,"Bahamas, The",cuba,NA,NA,Sí,NA
BHR,Bahrain,cuba,NA,NA,Sí,NA
BGD,Bangladesh,cuba,NA,NA,Sí,NA
BRB,Barbados,cuba,NA,NA,Sí,NA
BLR,Belarus,cuba,NA,NA,Sí,NA
BEL,Belgium,cuba,NA,NA,Sí,NA
BLZ,Belize,cuba,NA,NA,Sí,NA
BEN,Benin,cuba,NA,NA,Sí,NA
BTN,Bhutan,cuba,NA,NA,Sí,NA
BOL,Bolivia,cuba,NA,NA,Sí,NA
BIH,Bosnia and Herzegovina,cuba,NA,NA,Sí,NA
BWA,Botswana,cuba,NA,NA,Sí,NA
BRA,Brazil,cuba,NA,NA,Sí,NA
BRN,Brunei Darussalam,cuba,NA,NA,Sí,NA
BGR,Bulgaria,cuba,NA,NA,Sí,NA
BFA,Burkina Faso,cuba,NA,NA,Sí,NA
BDI,Burundi,cuba,NA,NA,Sí,NA
CPV,Cabo Verde,cuba,NA,NA,Sí,NA
KHM,Cambodia,cuba,NA,NA,Sí,NA
CMR,Cameroon,cuba,NA,NA,Sí,NA
CAN,Canada,cuba,NA,NA,Sí,NA
CAF,Central African Republic,cuba,NA,NA,Sí,NA
TCD,Chad,cuba,NA,NA,Sí,NA
CHL,Chile,cuba,NA,NA,Sí,NA
CHN,China,cuba,NA,NA,Sí,NA
COL,Colombia,cuba,NA,NA,Sí,NA
COM,Comoros,cuba,NA,NA,Sí,NA
COG,"Congo, Rep.",cuba,NA,NA,Sí,NA
CRI,Costa Rica,cuba,NA,NA,Sí,NA
CIV,Cote d'Ivoire,cuba,NA,NA,Sí,NA
HRV,Croatia,cuba,NA,NA,Sí,NA
CUB,Cuba,cuba,NA,NA,Sí,NA
CYP,Cyprus,cuba,NA,NA,Sí,NA
CZE,Czechia,cuba,NA,NA,Sí,NA
PRK,"Korea, Dem. People's Rep.",cuba,NA,NA,Sí,NA
COD,"Congo, Dem. Rep.",cuba,NA,NA,Sí,NA
DNK,Denmark,cuba,NA,NA,Sí,NA
DJI,Djibouti,cuba,NA,NA,Sí,NA
DMA,Dominica,cuba,NA,NA,Sí,NA
DOM,Dominican Republic,cuba,NA,NA,Sí,NA
ECU,Ecuador,cuba,NA,NA,Sí,NA
EGY,"Egypt, Arab Rep.",cuba,NA,NA,Sí,NA
SLV,El Salvador,cuba,NA,NA,Sí,NA
GNQ,Equatorial Guinea,cuba,NA,NA,Sí,NA
ERI,Eritrea,cuba,NA,NA,Sí,NA
EST,Estonia,cuba,NA,NA,Sí,NA
SWZ,Eswatini,cuba,NA,NA,Sí,NA
ETH,Ethiopia,cuba,NA,NA,Sí,NA
FJI,Fiji,cuba,NA,NA,Sí,NA
FIN,Finland,cuba,NA,NA,Sí,NA
FRA,France,cuba,NA,NA,Sí,NA
GAB,Gabon,cuba,NA,NA,Sí,NA
GMB,"Gambia, The",cuba,NA,NA,Sí,NA
GEO,Georgia,cuba,NA,NA,Sí,NA
DEU,Germany,cuba,NA,NA,Sí,NA
GHA,Ghana,cuba,NA,NA,Sí,NA
GRC,Greece,cuba,NA,NA,Sí,NA
GRD,Grenada,cuba,NA,NA,Sí,NA
GTM,Guatemala,cuba,NA,NA,Sí,NA
GIN,Guinea,cuba,NA,NA,Sí,NA
GNB,Guinea-Bissau,cuba,NA,NA,Sí,NA
GUY,Guyana,cuba,NA,NA,Sí,NA
HTI,Haiti,cuba,NA,NA,Sí,NA
HND,Honduras,cuba,NA,NA,Sí,NA
HUN,Hungary,cuba,NA,NA,Sí,NA
ISL,Iceland,cuba,NA,NA,Sí,NA
IND,India,cuba,NA,NA,Sí,NA
IDN,Indonesia,cuba,NA,NA,Sí,NA
IRN,"Iran, Islamic Rep.",cuba,NA,NA,Sí,NA
IRQ,Iraq,cuba,NA,NA,Sí,NA
IRL,Ireland,cuba,NA,NA,Sí,NA
ISR,Israel,cuba,NA,NA,No,NA
ITA,Italy,cuba,NA,NA,Sí,NA
JAM,Jamaica,cuba,NA,NA,Sí,NA
JPN,Japan,cuba,NA,NA,Sí,NA
JOR,Jordan,cuba,NA,NA,Sí,NA
KAZ,Kazakhstan,cuba,NA,NA,Sí,NA
KEN,Kenya,cuba,NA,NA,Sí,NA
KIR,Kiribati,cuba,NA,NA,Sí,NA
KWT,Kuwait,cuba,NA,NA,Sí,NA
KGZ,Kyrgyz Republic,cuba,NA,NA,Sí,NA
LAO,Lao PDR,cuba,NA,NA,Sí,NA
LVA,Latvia,cuba,NA,NA,Sí,NA
LBN,Lebanon,cuba,NA,NA,Sí,NA
LSO,Lesotho,cuba,NA,NA,Sí,NA
LBR,Liberia,cuba,NA,NA,Sí,NA
LBY,Libya,cuba,NA,NA,Sí,NA
LIE,Liechtenstein,cuba,NA,NA,Sí,NA
LTU,Lithuania,cuba,NA,NA,Sí,NA
LUX,Luxembourg,cuba,NA,NA,Sí,NA
MDG,Madagascar,cuba,NA,NA,Sí,NA
MWI,Malawi,cuba,NA,NA,Sí,NA
MYS,Malaysia,cuba,NA,NA,Sí,NA
MDV,Maldives,cuba,NA,NA,Sí,NA
MLI,Mali,cuba,NA,NA,Sí,NA
MLT,Malta,cuba,NA,NA,Sí,NA
MHL,Marshall Islands,cuba,NA,NA,Sí,NA
MRT,Mauritania,cuba,NA,NA,Sí,NA
MUS,Mauritius,cuba,NA,NA,Sí,NA
MEX,Mexico,cuba,NA,NA,Sí,NA
FSM,"Micronesia, Fed. Sts.",cuba,NA,NA,Sí,NA
MDA,Moldova,cuba,NA,NA,Abstención,NA
MCO,Monaco,cuba,NA,NA,Sí,NA
MNG,Mongolia,cuba,NA,NA,Sí,NA
MNE,Montenegro,cuba,NA,NA,Sí,NA
MAR,Morocco,cuba,NA,NA,Sí,NA
MOZ,Mozambique,cuba,NA,NA,Sí,NA
MMR,Myanmar,cuba,NA,NA,Sí,NA
NAM,Namibia,cuba,NA,NA,Sí,NA
NRU,Naoero,cuba,NA,NA,Sí,NA
NPL,Nepal,cuba,NA,NA,Sí,NA
NLD,Netherlands,cuba,NA,NA,Sí,NA
NZL,New Zealand,cuba,NA,NA,Sí,NA
NIC,Nicaragua,cuba,NA,NA,Sí,NA
NER,Niger,cuba,NA,NA,Sí,NA
NGA,Nigeria,cuba,NA,NA,Sí,NA
MKD,North Macedonia,cuba,NA,NA,Sí,NA
NOR,Norway,cuba,NA,NA,Sí,NA
OMN,Oman,cuba,NA,NA,Sí,NA
PAK,Pakistan,cuba,NA,NA,Sí,NA
PLW,Palau,cuba,NA,NA,Sí,NA
PAN,Panama,cuba,NA,NA,Sí,NA
PNG,Papua New Guinea,cuba,NA,NA,Sí,NA
PRY,Paraguay,cuba,NA,NA,Sí,NA
PER,Peru,cuba,NA,NA,Sí,NA
PHL,Philippines,cuba,NA,NA,Sí,NA
POL,Poland,cuba,NA,NA,Sí,NA
PRT,Portugal,cuba,NA,NA,Sí,NA
QAT,Qatar,cuba,NA,NA,Sí,NA
KOR,"Korea, Rep.",cuba,NA,NA,Sí,NA
ROU,Romania,cuba,NA,NA,Sí,NA
RUS,Russian Federation,cuba,NA,NA,Sí,NA
RWA,Rwanda,cuba,NA,NA,Sí,NA
KNA,St. Kitts and Nevis,cuba,NA,NA,Sí,NA
LCA,St. Lucia,cuba,NA,NA,Sí,NA
VCT,St. Vincent and the Grenadines,cuba,NA,NA,Sí,NA
WSM,Samoa,cuba,NA,NA,Sí,NA
SMR,San Marino,cuba,NA,NA,Sí,NA
STP,Sao Tome and Principe,cuba,NA,NA,Sí,NA
SAU,Saudi Arabia,cuba,NA,NA,Sí,NA
SEN,Senegal,cuba,NA,NA,Sí,NA
SRB,Serbia,cuba,NA,NA,Sí,NA
SYC,Seychelles,cuba,NA,NA,Sí,NA
SLE,Sierra Leone,cuba,NA,NA,Sí,NA
SGP,Singapore,cuba,NA,NA,Sí,NA
SVK,Slovak Republic,cuba,NA,NA,Sí,NA
SVN,Slovenia,cuba,NA,NA,Sí,NA
SLB,Solomon Islands,cuba,NA,NA,Sí,NA
SOM,"Somalia, Fed. Rep.",cuba,NA,NA,Sí,NA
ZAF,South Africa,cuba,NA,NA,Sí,NA
SSD,South Sudan,cuba,NA,NA,Sí,NA
ESP,Spain,cuba,NA,NA,Sí,NA
LKA,Sri Lanka,cuba,NA,NA,Sí,NA
SDN,Sudan,cuba,NA,NA,Sí,NA
SUR,Suriname,cuba,NA,NA,Sí,NA
SWE,Sweden,cuba,NA,NA,Sí,NA
CHE,Switzerland,cuba,NA,NA,Sí,NA
SYR,Syrian Arab Republic,cuba,NA,NA,Sí,NA
TJK,Tajikistan,cuba,NA,NA,Sí,NA
TZA,Tanzania,cuba,NA,NA,Sí,NA
THA,Thailand,cuba,NA,NA,Sí,NA
TLS,Timor-Leste,cuba,NA,NA,Sí,NA
TGO,Togo,cuba,NA,NA,Sí,NA
TON,Tonga,cuba,NA,NA,Sí,NA
TTO,Trinidad and Tobago,cuba,NA,NA,Sí,NA
TUN,Tunisia,cuba,NA,NA,Sí,NA
TUR,Turkiye,cuba,NA,NA,Sí,NA
TKM,Turkmenistan,cuba,NA,NA,Sí,NA
TUV,Tuvalu,cuba,NA,NA,Sí,NA
UGA,Uganda,cuba,NA,NA,Sí,NA
UKR,Ukraine,cuba,NA,NA,Sí,NA
ARE,United Arab Emirates,cuba,NA,NA,Sí,NA
GBR,United Kingdom,cuba,NA,NA,Sí,NA
USA,United States,cuba,NA,NA,No,NA
URY,Uruguay,cuba,NA,NA,Sí,NA
UZB,Uzbekistan,cuba,NA,NA,Sí,NA
VUT,Vanuatu,cuba,NA,NA,Sí,NA
VEN,"Venezuela, RB",cuba,NA,NA,Sí,NA
VNM,Viet Nam,cuba,NA,NA,Sí,NA
YEM,"Yemen, Rep.",cuba,NA,NA,Sí,NA
ZMB,Zambia,cuba,NA,NA,Sí,NA
ZWE,Zimbabwe,cuba,NA,NA,Sí,NA
AFG,Afghanistan,golan,NA,NA,NA,Sí
ALB,Albania,golan,NA,NA,NA,Sí
DZA,Algeria,golan,NA,NA,NA,Sí
AND,Andorra,golan,NA,NA,NA,Sí
AGO,Angola,golan,NA,NA,NA,Sí
ATG,Antigua and Barbuda,golan,NA,NA,NA,Sí
ARG,Argentina,golan,NA,NA,NA,Abstención
ARM,Armenia,golan,NA,NA,NA,Sí
AUS,Australia,golan,NA,NA,NA,Abstención
AUT,Austria,golan,NA,NA,NA,Sí
AZE,Azerbaijan,golan,NA,NA,NA,Sí
BHS,"Bahamas, The",golan,NA,NA,NA,Sí
BHR,Bahrain,golan,NA,NA,NA,Sí
BGD,Bangladesh,golan,NA,NA,NA,Sí
BRB,Barbados,golan,NA,NA,NA,Sí
BLR,Belarus,golan,NA,NA,NA,Sí
BEL,Belgium,golan,NA,NA,NA,Sí
BLZ,Belize,golan,NA,NA,NA,Sí
BEN,Benin,golan,NA,NA,NA,Sí
BTN,Bhutan,golan,NA,NA,NA,Sí
BOL,Bolivia,golan,NA,NA,NA,Sí
BIH,Bosnia and Herzegovina,golan,NA,NA,NA,Sí
BWA,Botswana,golan,NA,NA,NA,Sí
BRA,Brazil,golan,NA,NA,NA,Sí
BRN,Brunei Darussalam,golan,NA,NA,NA,Sí
BGR,Bulgaria,golan,NA,NA,NA,Sí
BFA,Burkina Faso,golan,NA,NA,NA,Sí
BDI,Burundi,golan,NA,NA,NA,Sí
CPV,Cabo Verde,golan,NA,NA,NA,Sí
KHM,Cambodia,golan,NA,NA,NA,Sí
CMR,Cameroon,golan,NA,NA,NA,Abstención
CAN,Canada,golan,NA,NA,NA,Abstención
CAF,Central African Republic,golan,NA,NA,NA,Abstención
TCD,Chad,golan,NA,NA,NA,Sí
CHL,Chile,golan,NA,NA,NA,Sí
CHN,China,golan,NA,NA,NA,Sí
COL,Colombia,golan,NA,NA,NA,Sí
COM,Comoros,golan,NA,NA,NA,Sí
COG,"Congo, Rep.",golan,NA,NA,NA,Sí
CRI,Costa Rica,golan,NA,NA,NA,Sí
CIV,Cote d'Ivoire,golan,NA,NA,NA,Abstención
HRV,Croatia,golan,NA,NA,NA,Sí
CUB,Cuba,golan,NA,NA,NA,Sí
CYP,Cyprus,golan,NA,NA,NA,Sí
CZE,Czechia,golan,NA,NA,NA,Sí
PRK,"Korea, Dem. People's Rep.",golan,NA,NA,NA,Sí
COD,"Congo, Dem. Rep.",golan,NA,NA,NA,Sí
DNK,Denmark,golan,NA,NA,NA,Sí
DJI,Djibouti,golan,NA,NA,NA,Sí
DMA,Dominica,golan,NA,NA,NA,Sí
DOM,Dominican Republic,golan,NA,NA,NA,Sí
ECU,Ecuador,golan,NA,NA,NA,Abstención
EGY,"Egypt, Arab Rep.",golan,NA,NA,NA,Sí
SLV,El Salvador,golan,NA,NA,NA,Sí
GNQ,Equatorial Guinea,golan,NA,NA,NA,Sí
ERI,Eritrea,golan,NA,NA,NA,Sí
EST,Estonia,golan,NA,NA,NA,Sí
SWZ,Eswatini,golan,NA,NA,NA,Sí
ETH,Ethiopia,golan,NA,NA,NA,Sí
FJI,Fiji,golan,NA,NA,NA,Abstención
FIN,Finland,golan,NA,NA,NA,Sí
FRA,France,golan,NA,NA,NA,Sí
GAB,Gabon,golan,NA,NA,NA,Sí
GMB,"Gambia, The",golan,NA,NA,NA,Sí
GEO,Georgia,golan,NA,NA,NA,Abstención
DEU,Germany,golan,NA,NA,NA,Sí
GHA,Ghana,golan,NA,NA,NA,Sí
GRC,Greece,golan,NA,NA,NA,Sí
GRD,Grenada,golan,NA,NA,NA,Sí
GTM,Guatemala,golan,NA,NA,NA,Abstención
GIN,Guinea,golan,NA,NA,NA,Sí
GNB,Guinea-Bissau,golan,NA,NA,NA,Sí
GUY,Guyana,golan,NA,NA,NA,Sí
HTI,Haiti,golan,NA,NA,NA,Abstención
HND,Honduras,golan,NA,NA,NA,Sí
HUN,Hungary,golan,NA,NA,NA,Sí
ISL,Iceland,golan,NA,NA,NA,Sí
IND,India,golan,NA,NA,NA,Sí
IDN,Indonesia,golan,NA,NA,NA,Sí
IRN,"Iran, Islamic Rep.",golan,NA,NA,NA,Sí
IRQ,Iraq,golan,NA,NA,NA,Sí
IRL,Ireland,golan,NA,NA,NA,Sí
ISR,Israel,golan,NA,NA,NA,No
ITA,Italy,golan,NA,NA,NA,Sí
JAM,Jamaica,golan,NA,NA,NA,Sí
JPN,Japan,golan,NA,NA,NA,Sí
JOR,Jordan,golan,NA,NA,NA,Sí
KAZ,Kazakhstan,golan,NA,NA,NA,Sí
KEN,Kenya,golan,NA,NA,NA,Sí
KIR,Kiribati,golan,NA,NA,NA,Abstención
KWT,Kuwait,golan,NA,NA,NA,Sí
KGZ,Kyrgyz Republic,golan,NA,NA,NA,Sí
LAO,Lao PDR,golan,NA,NA,NA,Sí
LVA,Latvia,golan,NA,NA,NA,Sí
LBN,Lebanon,golan,NA,NA,NA,Sí
LSO,Lesotho,golan,NA,NA,NA,Sí
LBR,Liberia,golan,NA,NA,NA,Abstención
LBY,Libya,golan,NA,NA,NA,Sí
LIE,Liechtenstein,golan,NA,NA,NA,Sí
LTU,Lithuania,golan,NA,NA,NA,Sí
LUX,Luxembourg,golan,NA,NA,NA,Sí
MDG,Madagascar,golan,NA,NA,NA,Abstención
MWI,Malawi,golan,NA,NA,NA,Abstención
MYS,Malaysia,golan,NA,NA,NA,Sí
MDV,Maldives,golan,NA,NA,NA,Sí
MLI,Mali,golan,NA,NA,NA,Sí
MLT,Malta,golan,NA,NA,NA,Sí
MHL,Marshall Islands,golan,NA,NA,NA,Sí
MRT,Mauritania,golan,NA,NA,NA,Sí
MUS,Mauritius,golan,NA,NA,NA,Sí
MEX,Mexico,golan,NA,NA,NA,Sí
FSM,"Micronesia, Fed. Sts.",golan,NA,NA,NA,Abstención
MDA,Moldova,golan,NA,NA,NA,Sí
MCO,Monaco,golan,NA,NA,NA,Sí
MNG,Mongolia,golan,NA,NA,NA,Sí
MNE,Montenegro,golan,NA,NA,NA,Sí
MAR,Morocco,golan,NA,NA,NA,Sí
MOZ,Mozambique,golan,NA,NA,NA,Sí
MMR,Myanmar,golan,NA,NA,NA,Sí
NAM,Namibia,golan,NA,NA,NA,Sí
NRU,Naoero,golan,NA,NA,NA,Abstención
NPL,Nepal,golan,NA,NA,NA,Sí
NLD,Netherlands,golan,NA,NA,NA,Sí
NZL,New Zealand,golan,NA,NA,NA,Sí
NIC,Nicaragua,golan,NA,NA,NA,Sí
NER,Niger,golan,NA,NA,NA,Sí
NGA,Nigeria,golan,NA,NA,NA,Sí
MKD,North Macedonia,golan,NA,NA,NA,Sí
NOR,Norway,golan,NA,NA,NA,Sí
OMN,Oman,golan,NA,NA,NA,Sí
PAK,Pakistan,golan,NA,NA,NA,Sí
PLW,Palau,golan,NA,NA,NA,Abstención
PAN,Panama,golan,NA,NA,NA,Abstención
PNG,Papua New Guinea,golan,NA,NA,NA,No
PRY,Paraguay,golan,NA,NA,NA,Abstención
PER,Peru,golan,NA,NA,NA,Sí
PHL,Philippines,golan,NA,NA,NA,Sí
POL,Poland,golan,NA,NA,NA,Sí
PRT,Portugal,golan,NA,NA,NA,Sí
QAT,Qatar,golan,NA,NA,NA,Sí
KOR,"Korea, Rep.",golan,NA,NA,NA,Sí
ROU,Romania,golan,NA,NA,NA,Sí
RUS,Russian Federation,golan,NA,NA,NA,Sí
RWA,Rwanda,golan,NA,NA,NA,Abstención
KNA,St. Kitts and Nevis,golan,NA,NA,NA,Sí
LCA,St. Lucia,golan,NA,NA,NA,Sí
VCT,St. Vincent and the Grenadines,golan,NA,NA,NA,Sí
WSM,Samoa,golan,NA,NA,NA,Sí
SMR,San Marino,golan,NA,NA,NA,Sí
STP,Sao Tome and Principe,golan,NA,NA,NA,Sí
SAU,Saudi Arabia,golan,NA,NA,NA,Sí
SEN,Senegal,golan,NA,NA,NA,Sí
SRB,Serbia,golan,NA,NA,NA,Sí
SYC,Seychelles,golan,NA,NA,NA,Sí
SLE,Sierra Leone,golan,NA,NA,NA,Sí
SGP,Singapore,golan,NA,NA,NA,Sí
SVK,Slovak Republic,golan,NA,NA,NA,Sí
SVN,Slovenia,golan,NA,NA,NA,Sí
SLB,Solomon Islands,golan,NA,NA,NA,Sí
SOM,"Somalia, Fed. Rep.",golan,NA,NA,NA,Sí
ZAF,South Africa,golan,NA,NA,NA,Sí
SSD,South Sudan,golan,NA,NA,NA,Sí
ESP,Spain,golan,NA,NA,NA,Sí
LKA,Sri Lanka,golan,NA,NA,NA,Sí
SDN,Sudan,golan,NA,NA,NA,Sí
SUR,Suriname,golan,NA,NA,NA,Sí
SWE,Sweden,golan,NA,NA,NA,Sí
CHE,Switzerland,golan,NA,NA,NA,Sí
SYR,Syrian Arab Republic,golan,NA,NA,NA,Sí
TJK,Tajikistan,golan,NA,NA,NA,Sí
TZA,Tanzania,golan,NA,NA,NA,Sí
THA,Thailand,golan,NA,NA,NA,Sí
TLS,Timor-Leste,golan,NA,NA,NA,Sí
TGO,Togo,golan,NA,NA,NA,Abstención
TON,Tonga,golan,NA,NA,NA,No
TTO,Trinidad and Tobago,golan,NA,NA,NA,Sí
TUN,Tunisia,golan,NA,NA,NA,Sí
TUR,Turkiye,golan,NA,NA,NA,Sí
TKM,Turkmenistan,golan,NA,NA,NA,Sí
TUV,Tuvalu,golan,NA,NA,NA,Abstención
UGA,Uganda,golan,NA,NA,NA,Sí
UKR,Ukraine,golan,NA,NA,NA,Sí
ARE,United Arab Emirates,golan,NA,NA,NA,Sí
GBR,United Kingdom,golan,NA,NA,NA,Sí
USA,United States,golan,NA,NA,NA,No
URY,Uruguay,golan,NA,NA,NA,Abstención
UZB,Uzbekistan,golan,NA,NA,NA,Sí
VUT,Vanuatu,golan,NA,NA,NA,Abstención
VEN,"Venezuela, RB",golan,NA,NA,NA,Sí
VNM,Viet Nam,golan,NA,NA,NA,Sí
YEM,"Yemen, Rep.",golan,NA,NA,NA,Sí
ZMB,Zambia,golan,NA,NA,NA,Sí
ZWE,Zimbabwe,golan,NA,NA,NA,Sí
